varied_parameter,order,Peq_mPa,PPW_mPa,PEW_mPa,Ptotal_mPa
Nu,180,-0.1841801285224876,3.2419641614351766,-0.0012102777928198894,3.0565737551198695
Nu,260,-0.18418012852249166,3.2419641614351766,-0.0012102777928198894,3.0565737551198655
Nu,360,-0.1841801285224817,3.2419641614351766,-0.0012102777928198894,3.0565737551198753
NE,180,-0.1841801285224817,3.241964161459113,-0.0012102777928005009,3.056573755143831
NE,300,-0.1841801285224817,3.241964161446342,-0.0012102777928081085,3.056573755131052
NE,480,-0.1841801285224817,3.2419641614351766,-0.0012102777928198894,3.0565737551198753
NPW,200,-0.1841801285224817,3.241978302734458,-0.0012102777928198894,3.0565878964191566
NPW,400,-0.1841801285224817,3.2419641623929754,-0.0012102777928198894,3.056573756077674
NPW,600,-0.1841801285224817,3.2419641614351766,-0.0012102777928198894,3.0565737551198753
NEW,180,-0.1841801285224817,3.2419641614351766,-0.001210277792819881,3.0565737551198753
NEW,300,-0.1841801285224817,3.2419641614351766,-0.0012102777928198786,3.0565737551198753
NEW,480,-0.1841801285224817,3.2419641614351766,-0.0012102777928198894,3.0565737551198753