b_um,emissionLeakage,equilibriumIndicator
0.09999999999999999,0.9216000138301181,0.823974609375
2.,0.21358589665451883,0.07871720116618079
2.25,0.17814296772705696,0.064
2.5,0.1489030997694131,0.052734375
2.75,0.12471888491788437,0.04396499084062692
3.,0.10466724480308404,0.037037037037037035
3.25,0.0880031593554244,0.031491471059921276
3.5,0.07412343207976367,0.02700000000000001
3.7499999999999996,0.06253821174154463,0.023323615160349864
4.,0.05284853060240808,0.0202854996243426
4.25,0.04472852661418587,0.017752938275663682
4.499999999999999,0.03791132516973696,0.015625000000000007
4.75,0.03217779007463922,0.013824000000000006
5.,0.02734753181571283,0.01228948566226673
5.25,0.023271697678975408,0.010973936899862825
5.5,0.01982717303564329,0.009839650145772599
5.749999999999999,0.01691190381774794,0.008856451679035638
6.,0.014441112584690545,0.008
6.249999999999999,0.01234422896145038,0.007250511899566986
6.500000000000001,0.010562392874950073,0.006591796875
6.75,0.00904641840427114,0.006010518407212622
6.999999999999999,0.007755129077440917,0.005495623855078365
7.25,0.00665399353075072,0.005037900874635569
7.499999999999999,0.005714004697472581,0.004629629629629631
7.75,0.004910756957605489,0.004264308135747142
8.,0.004223684611037283,0.0039364338824901595
8.249999999999998,0.0036354321374153548,0.0036413290851160687
8.5,0.003131332368046133,0.0033750000000000013
8.75,0.002698973222397011,0.0031340230118541536
9.,0.002327837291511741,0.0029154518950437317
9.25,0.00200900146851595,0.0027167419220949104
9.499999999999998,0.001734886178064558,0.0025356874530428264
9.75,0.001499045656715988,0.002370370370370371
10.,0.001295992275284387,0.0022191172844579603
10.249999999999998,0.0011210491438194722,0.002080463866387988
10.5,0.0009702262568043536,0.001953125000000001
10.749999999999998,0.0008401162656424,0.0018359697064998445
11.,0.0007278066435757989,0.0017280000000000008
11.249999999999998,0.0006308055636694842,0.001628332994097293
11.499999999999998,0.0005469792665150139,0.0015361857077833422
11.75,0.0004744990694314674,0.001450862121079818
11.999999999999998,0.00041179647812416946,0.001371742112482854
12.25,0.00035752511708559147,0.0012982719759579264
12.499999999999998,0.0003105284062603894,0.0012299562682215749
12.749999999999998,0.0002698120865754091,0.0011663507799970847
13.,0.00023452084229906326,0.001107056459879454
13.249999999999998,0.00020391838909081597,0.0010517141479898144
13.5,0.00017737049731431998,0.001
13.749999999999998,0.00015433050422043387,0.0009516215013591448
14.,0.000134326938829806,0.0009063139874458733
14.249999999999998,0.000116952942116201,0.0008638375985314766
14.499999999999998,0.00010185721435015088,0.0008239746093750005
14.75,0.00008873626280579138,0.0007865270823850707
14.999999999999998,0.00007732775778095084,0.0007513148009015781
15.25,0.00006740483412263019,0.0007181734455368513
15.5,0.000058771200090567816,0.0006869529818847954
15.75,0.00005125693618041773,0.0006575162324319882
16.,0.00004471488408829599,0.0006297376093294462