gap_um,eta,P_mPa
0.6,0.,-4.763823717028117
0.6,0.9,-4.52188663495621
0.6,0.925,-3.7991788176249974
0.6,0.94,-2.536674287858553
0.6,0.945,-1.812876234939886
0.62,0.,-4.179449061958674
0.62,0.9,-3.9540629275207135
0.62,0.925,-3.2807964669099596
0.62,0.94,-2.104664386930749
0.62,0.945,-1.4303855989952436
0.64,0.,-3.681920701090889
0.64,0.9,-3.4713125064047854
0.64,0.925,-2.8421926862675804
0.64,0.94,-1.7431892716554866
0.64,0.945,-1.1131334534475106
0.66,0.,-3.256203433342166
0.66,0.9,-3.05862049497112
0.66,0.925,-2.4684132572918567
0.66,0.94,-1.437400489729502
0.66,0.945,-0.8463318664354019
0.6799999999999999,0.,-2.890212953908963
0.6799999999999999,0.9,-2.7039178034653446
0.6799999999999999,0.925,-2.1474348016365634
0.6799999999999999,0.94,-1.1753554477694477
0.6799999999999999,0.945,-0.6180850871517316
0.7,0.,-2.574172167029794
0.7,0.9,-2.397398731573588
0.7,0.925,-1.8693668469099796
0.7,0.94,-0.9470179919299203
0.7,0.945,-0.4182748107775874
0.72,0.,-2.3001212273013176
0.72,0.9,-2.1309849885318592
0.72,0.925,-1.6257786442704294
0.72,0.94,-0.7433465108921308
0.72,0.945,-0.23751197409886005
0.74,0.,-2.06154158068935
0.74,0.9,-1.8978764041735674
0.74,0.925,-1.4090314039105944
0.74,0.94,-0.5552465616535954
0.74,0.945,-0.06587291344954845
0.7599999999999999,0.,-1.8530652831523977
0.7599999999999999,0.9,-1.6921292113986688
0.7599999999999999,0.925,-1.2114661819430426
0.7599999999999999,0.94,-0.37208045793506483
0.7599999999999999,0.945,0.1089778189554871
0.7799999999999999,0.,-1.670248637465611
0.7799999999999999,0.9,-1.5082030890167117
0.7799999999999999,0.925,-1.0242752882011985
0.7799999999999999,0.94,-0.17936285721998904
0.7799999999999999,0.945,0.3047634213619409
0.7999999999999999,0.,-1.509394718171482
0.7999999999999999,0.9,-1.340471991148453
0.7999999999999999,0.925,-0.8360810179135658
0.7999999999999999,0.94,0.04429229833819445
0.7999999999999999,0.945,0.5485853335298129
0.82,0.,-1.367413330219107
0.82,0.9,-1.1829952946577735
0.82,0.925,-0.6324293545551098
0.82,0.94,0.3282059055213263
0.82,0.945,0.878284357121624
0.84,0.,-1.2417098308288512
0.84,0.9,-1.0308228112348665
0.84,0.925,-0.40129019068170757
0.84,0.94,0.6969307300985923
0.84,0.945,1.3256800964537916
0.86,0.,-1.1300963538406705
0.86,0.9,-0.8851285040820468
0.86,0.925,-0.15378062539843296
0.86,0.94,1.1223356503200679
0.86,0.945,1.853090569535539
0.88,0.,-1.0307205314863104
0.88,0.9,-0.7572874137928179
0.88,0.925,0.059220179903472295
0.88,0.94,1.4845642761748234
0.88,0.945,2.301135125218522
0.8999999999999999,0.,-0.9420079643863984
0.8999999999999999,0.9,-0.6554659200466526
0.8999999999999999,0.925,0.20032438588023901
0.8999999999999999,0.94,1.694736819827675
0.8999999999999999,0.945,2.5511592988192278
0.9199999999999999,0.,-0.8626155555797009
0.9199999999999999,0.9,-0.5751441644564267
0.9199999999999999,0.925,0.2834959135829221
0.9199999999999999,0.94,1.7831509443517954
0.9199999999999999,0.945,2.6427302905066656
0.94,0.,-0.7913934761899751
0.94,0.9,-0.5094732236548122
0.94,0.925,0.33262450187823106
0.94,0.94,1.8035245839636067
0.94,0.945,2.646700484752572
0.96,0.,-0.7273540247025271
0.96,0.9,-0.4540367532389721
0.96,0.925,0.3623843484399703
0.96,0.94,1.7885085389074775
0.96,0.945,2.606059386160876
0.98,0.,-0.6696460191323474
0.98,0.9,-0.4062326194493552
0.98,0.925,0.38061626289438655
0.98,0.94,1.7551248267565567
0.98,0.945,2.54310964169946
1.,0.,-0.6175336510601405
1.,0.9,-0.36443122259561683
1.,0.925,0.3916236808918538
1.,0.94,1.7123619241736274
1.,0.945,2.4695337447498606
1.02,0.,-0.5703789542107174
1.02,0.9,-0.3275046552711329
1.02,0.925,0.3980003393744776
1.02,0.94,1.6653824736092597
1.02,0.945,2.3919718232507288
1.04,0.,-0.5276272139323565
1.04,0.9,-0.29461204960512505
1.04,0.925,0.40144301027319473
1.04,0.94,1.617382424474698
1.04,0.945,2.3144815872707882
1.06,0.,-0.48879477949658706
1.06,0.9,-0.2651299118031971
1.06,0.925,0.4029929006467471
1.06,0.94,1.5701326108878162
1.06,0.945,2.2392521226693747
1.08,0.,-0.453458847476918
1.08,0.9,-0.23849228647635493
1.08,0.925,0.4036444851405386
1.08,0.94,1.525379352660441
1.08,0.945,2.1684626737431287
1.1,0.,-0.4212488682849956
1.1,0.9,-0.214245612763868
1.1,0.925,0.40409821532606804
1.1,0.94,1.4842504929975726
1.1,0.945,2.103483850324948
1.1199999999999999,0.,-0.3918392943198122
1.1199999999999999,0.9,-0.19196394473069991
1.1199999999999999,0.925,0.40507969888851764
1.1199999999999999,0.94,1.4479943152088455
1.1199999999999999,0.945,2.045863178155002
1.1400000000000001,0.,-0.3649434409845716
1.1400000000000001,0.9,-0.1711648916507956
1.1400000000000001,0.925,0.40765451332197095
1.1400000000000001,0.94,1.4186900486456502
1.1400000000000001,0.945,1.9982580689401723
1.16,0.,-0.34030827400512065
1.16,0.9,-0.15141705021799512
1.16,0.925,0.4127839153090451
1.16,0.94,1.3982140182294636
1.16,0.945,1.9630635022690792
1.1800000000000002,0.,-0.3177099703189856
1.1800000000000002,0.9,-0.1320038675124642
1.1800000000000002,0.925,0.42265335170909546
1.1800000000000002,0.94,1.3913070403739838
1.1800000000000002,0.945,1.9464792134529136
1.2,0.,-0.2969501270541818
1.2,0.9,-0.11219431513757211
1.2,0.925,0.4395781715547566
1.2,0.94,1.4030281136551286
1.2,0.945,1.95512348143271
1.22,0.,-0.27785251514811793
1.22,0.9,-0.09069723980135214
1.22,0.925,0.46817587972008684
1.22,0.94,1.4437906611079487
1.22,0.945,2.002723921663967
1.24,0.,-0.26026029203496415
1.24,0.9,-0.06614131025290002
1.24,0.925,0.5134457870853033
1.24,0.94,1.524931744099561
1.24,0.945,2.104250825236712
1.26,0.,-0.2440336023895949
1.26,0.9,-0.03693956453798101
1.26,0.925,0.5813197879154501
1.26,0.94,1.6600519613252727
1.26,0.945,2.277745471696761
1.28,0.,-0.22904750781483715
1.28,0.9,-0.0031340519853863243
1.28,0.925,0.67131354868843
1.28,0.94,1.8480968526604593
1.28,0.945,2.521942173250289
1.2999999999999998,0.,-0.2151901961151213
1.2999999999999998,0.9,0.031100008437954196
1.2999999999999998,0.925,0.7664884419131823
1.2999999999999998,0.94,2.0499859352157066
1.2999999999999998,0.945,2.7851559554271703
1.32,0.,-0.20236142882541697
1.32,0.9,0.05823688803804884
1.32,0.925,0.8364887028461173
1.32,0.94,2.195304060453915
1.32,0.945,2.9739052714394343
1.3399999999999999,0.,-0.190471192287237
1.3399999999999999,0.9,0.07525462633722338
1.3399999999999999,0.925,0.8689106241219019
1.3399999999999999,0.94,2.2549496965567104
1.3399999999999999,0.945,3.0493382095745307
1.36,0.,-0.17943852304530827
1.36,0.9,0.085401244998512
1.36,0.925,0.8764613402010775
1.36,0.94,2.258148315045581
1.36,0.945,3.050146400423889
1.38,0.,-0.16919048288923988
1.38,0.9,0.09141830526038261
1.38,0.925,0.8698683260158846
1.38,0.94,2.2296294192854518
1.38,0.945,3.0091162517938064
1.4,0.,-0.1596612626530443
1.4,0.9,0.09506680323743934
1.4,0.925,0.8559636345289561
1.4,0.94,2.185109488032918
1.4,0.945,2.9470722905682103
1.42,0.,-0.15079139704811403
1.42,0.9,0.0974902017982706
1.42,0.925,0.8391413449492203
1.42,0.94,2.134706333131382
1.42,0.945,2.8774398031480817
1.44,0.,-0.14252707545267146
1.44,0.9,0.09881973033484835
1.44,0.925,0.8197595616505614
1.44,0.94,2.079158636648381
1.44,0.945,2.801166641562463
1.46,0.,-0.13481953580251113
1.46,0.9,0.09966170756516031
1.46,0.925,0.8000929108098184
1.46,0.94,2.0236652089230245
1.46,0.945,2.725133525744095
1.48,0.,-0.12762453059722179
1.48,0.9,0.10031100700339264
1.48,0.925,0.7811914968931981
1.48,0.94,1.970619335412475
1.48,0.945,2.652517651251381
1.5,0.,-0.12090185561275944
1.5,0.9,0.10051647711168019
1.5,0.925,0.7619251636510986
1.5,0.94,1.9173241000321561
1.5,0.945,2.5797059461416887
1.5199999999999998,0.,-0.11461493324424456
1.5199999999999998,0.9,0.10080364563733783
1.5199999999999998,0.925,0.7442831227720932
1.5199999999999998,0.94,1.868336606694907
1.5199999999999998,0.945,2.512733850616266
1.54,0.,-0.10873044353247259
1.54,0.9,0.1013521927053757
1.54,0.925,0.728886850698172
1.54,0.94,1.8250668732435473
1.54,0.945,2.4534732449350387