a_m,eta,J_Pa,Ccav_Pa,cavityConstraintPass
2.5e-7,0.85,-0.1822493853588063,-0.18226026770867332,0.
2.75e-7,0.85,-0.1230743192213068,-0.12308520157117382,0.
3.e-7,0.85,-0.08607217340253191,-0.08608305575239894,0.
3.25e-7,0.85,-0.06198232895655425,-0.06199321130642127,0.
3.5e-7,0.85,-0.04575716551991998,-0.045768047869787,0.
3.75e-7,0.85,-0.034507498263618396,-0.034518380613485417,0.
4.e-7,0.85,-0.026509247004638213,-0.026520129354505234,0.
4.25e-7,0.85,-0.020696060041324463,-0.020706942391191484,0.
4.5000000000000003e-7,0.85,-0.016389218716273166,-0.016400101066140187,0.
4.75e-7,0.85,-0.013145982722165626,-0.013156865072032647,0.
5.000000000000001e-7,0.85,-0.010667020950467357,-0.010677903300334378,0.
5.250000000000001e-7,0.85,-0.008745807767490088,-0.00875669011735711,0.
5.5e-7,0.85,-0.007238143247260753,-0.007249025597127774,0.
5.75e-7,0.85,-0.006041596398155713,-0.006052478748022734,0.
6.e-7,0.85,-0.005082184909055161,-0.005093067258922182,0.
6.25e-7,0.85,-0.004305672339518887,-0.004316554689385908,0.
6.5e-7,0.85,-0.0036717599777093338,-0.0036826423275763552,0.
6.750000000000001e-7,0.85,-0.0031501352005907776,-0.003161017550457799,0.
7.000000000000001e-7,0.85,-0.0027177368073533345,-0.002728619157220356,0.
7.25e-7,0.85,-0.0023568324864041965,-0.002367714836271218,0.
7.5e-7,0.85,-0.002053645418425275,-0.0020645277682922966,0.
7.75e-7,0.85,-0.0017973536762314036,-0.0018082360260984248,0.
8.e-7,0.85,-0.0015793404495068237,-0.001590222799373845,0.
8.249999999999999e-7,0.85,-0.001392624591466446,-0.0014035069413334672,0.
8.500000000000001e-7,0.85,-0.0012315340666662483,-0.0012424164165332696,0.
8.750000000000001e-7,0.85,-0.0010919526810264173,-0.0011028350308934386,0.
9.000000000000001e-7,0.85,-0.0009715191828602865,-0.0009824015327273077,0.
9.25e-7,0.85,-0.0008677594529266687,-0.0008786418027936899,0.
9.5e-7,0.85,-0.000777791896009023,-0.0007886742458760442,0.
9.75e-7,0.85,-0.000699293239169198,-0.0007101755890362193,0.
1.0000000000000002e-6,0.85,-0.0006304726238907842,-0.0006413549737578054,0.
1.025e-6,0.85,-0.0005698951378153684,-0.0005807774876823897,0.
1.0500000000000001e-6,0.85,-0.0005163847118820128,-0.000527267061749034,0.
1.075e-6,0.85,-0.00046896651290995786,-0.0004798488627769791,0.
1.1e-6,0.85,-0.0004268100365753561,-0.00043769238644237733,0.
1.125e-6,0.85,-0.00038921990699720526,-0.0004001022568642265,0.
1.15e-6,0.85,-0.000355596465154122,-0.00036647881502114324,0.
1.1750000000000002e-6,0.85,-0.00032540716795687686,-0.0003362895178238981,0.
1.2000000000000002e-6,0.85,-0.0002981939688260988,-0.00030907631869312005,0.
1.2250000000000001e-6,0.85,-0.0002734945943191602,-0.0002843769441861814,0.
1.25e-6,0.85,-0.0002508965644451942,-0.00026177891431221546,0.
1.275e-6,0.85,-0.00022997629889731777,-0.000240858648764339,0.
1.3e-6,0.85,-0.00021057994150762814,-0.00022146229137464939,0.
1.325e-6,0.85,-0.00019303548490187423,-0.00020391783476889547,0.
1.35e-6,0.85,-0.00017764512867158482,-0.00018852747853860606,0.
1.375e-6,0.85,-0.00016407575533719835,-0.0001749581052042196,0.
1.4e-6,0.85,-0.00015189453604185616,-0.0001627768859088774,0.
1.4250000000000001e-6,0.85,-0.00014089826249959552,-0.00015178061236661677,0.
1.45e-6,0.85,-0.0001308836265961223,-0.00014176597646314355,0.
1.4750000000000003e-6,0.85,-0.00012173325236979677,-0.00013261560223681802,0.
1.5e-6,0.85,-0.00011337899087482366,-0.00012426134074184492,0.
2.5e-7,0.855,-0.18224823716022714,-0.18226257047189945,0.
2.75e-7,0.855,-0.12307320992086986,-0.12308754323254216,0.
3.e-7,0.855,-0.08607104558028265,-0.08608537889195496,0.
3.25e-7,0.855,-0.06198111929146298,-0.06199545260313529,0.
3.5e-7,0.855,-0.04575578383229841,-0.04577011714397072,0.
3.75e-7,0.855,-0.034505787052866985,-0.034520120364539296,0.
4.e-7,0.855,-0.026506898733233395,-0.026521232044905706,0.
4.25e-7,0.855,-0.02069257010962436,-0.02070690342129667,0.
4.5000000000000003e-7,0.855,-0.016384410128258774,-0.016398743439931085,0.
4.75e-7,0.855,-0.013140570724461922,-0.013154904036134231,0.
5.000000000000001e-7,0.855,-0.010661673581756051,-0.01067600689342836,0.
5.250000000000001e-7,0.855,-0.008740793853895463,-0.008755127165567773,0.
5.5e-7,0.855,-0.007233534325513538,-0.007247867637185847,0.
5.75e-7,0.855,-0.006037388583085299,-0.006051721894757609,0.
6.e-7,0.855,-0.005078346750168447,-0.005092680061840757,0.
6.25e-7,0.855,-0.004302163365551098,-0.004316496677223408,0.
6.5e-7,0.855,-0.0036685378467624097,-0.0036828711584347197,0.
6.750000000000001e-7,0.855,-0.0031471580056449556,-0.0031614913173172656,0.
7.000000000000001e-7,0.855,-0.0027149629157793157,-0.0027292962274516257,0.
7.25e-7,0.855,-0.0023542184817924206,-0.0023685517934647305,0.
7.5e-7,0.855,-0.00205114142069057,-0.00206547473236288,0.
7.75e-7,0.855,-0.0017948935480643646,-0.0018092268597366744,0.
8.e-7,0.855,-0.0015768219827262434,-0.0015911552943985532,0.
8.249999999999999e-7,0.855,-0.0013898770415469571,-0.001404210353219267,0.
8.500000000000001e-7,0.855,-0.0012283072004140995,-0.0012426405120864092,0.
8.750000000000001e-7,0.855,-0.0010880780921700463,-0.001102411403842356,0.
9.000000000000001e-7,0.855,-0.0009672060888490479,-0.0009815394005213576,0.
9.25e-7,0.855,-0.0008633527144806986,-0.0008776860261530085,0.
9.5e-7,0.855,-0.0007734786167560841,-0.000787811928428394,0.
9.75e-7,0.855,-0.0006951482835472535,-0.0007094815952195634,0.
1.0000000000000002e-6,0.855,-0.0006265214381275843,-0.0006408547497998942,0.
1.025e-6,0.855,-0.000566140688372615,-0.0005804740000449249,0.
1.0500000000000001e-6,0.855,-0.0005128195311021428,-0.0005271528427744527,0.
1.075e-6,0.855,-0.00046557914201065213,-0.00047991245368296195,0.
1.1e-6,0.855,-0.0004235835683173293,-0.0004379168799896391,0.
1.125e-6,0.855,-0.0003861357830749205,-0.00040046909474723033,0.
1.15e-6,0.855,-0.0003526323890901902,-0.0003669657007625,0.
1.1750000000000002e-6,0.855,-0.00032253132958079693,-0.00033686464125310675,0.
1.2000000000000002e-6,0.855,-0.00029536600611112585,-0.00030969931778343566,0.
1.2250000000000001e-6,0.855,-0.0002706451995752064,-0.00028497851124751624,0.
1.25e-6,0.855,-0.00024792719655806973,-0.00026226050823037955,0.
1.275e-6,0.855,-0.00022674204384348127,-0.0002410753555157911,0.
1.3e-6,0.855,-0.00020696347195941028,-0.0002212967836317201,0.
1.325e-6,0.855,-0.00018909000743525333,-0.00020342331910756315,0.
1.35e-6,0.855,-0.0001735777835364079,-0.00018791109520871772,0.
1.375e-6,0.855,-0.00016003890568725177,-0.0001743722173595616,0.
1.4e-6,0.855,-0.00014794791725420987,-0.00016228122892651968,0.
1.4250000000000001e-6,0.855,-0.00013707643462145783,-0.00015140974629376764,0.
1.45e-6,0.855,-0.0001271912995554457,-0.00014152461122775552,0.
1.4750000000000003e-6,0.855,-0.00011816851032736637,-0.00013250182199967618,0.
1.5e-6,0.855,-0.00010994540567685175,-0.00012427871734916156,0.
2.5e-7,0.86,-0.18224672478916704,-0.18226560359706315,0.
2.75e-7,0.86,-0.1230717487857481,-0.12309062759364421,0.
3.e-7,0.86,-0.0860695600494671,-0.08608843885736321,0.
3.25e-7,0.86,-0.0619795259608224,-0.06199840476871851,0.
3.5e-7,0.86,-0.045753963920764106,-0.04577284272866022,0.
3.75e-7,0.86,-0.03450353310743082,-0.03452241191532693,0.
4.e-7,0.86,-0.0265038056788517,-0.026522684486747813,0.
4.25e-7,0.86,-0.02068797330466546,-0.020706852112561576,0.
4.5000000000000003e-7,0.86,-0.0163780764250374,-0.016396955232933514,0.
4.75e-7,0.86,-0.01313344221628071,-0.013152321024176825,0.
5.000000000000001e-7,0.86,-0.010654630194173677,-0.010673509002069792,0.
5.250000000000001e-7,0.86,-0.00873418968031972,-0.008753068488215835,0.
5.5e-7,0.86,-0.007227463593632611,-0.007246342401528725,0.
5.75e-7,0.86,-0.0060318461762280794,-0.006050724984124193,0.
6.e-7,0.86,-0.0050732912430764675,-0.005092170050972581,0.
6.25e-7,0.86,-0.004297541450915401,-0.004316420258811514,0.
6.5e-7,0.86,-0.0036642937532664482,-0.0036831725611625623,0.
6.750000000000001e-7,0.86,-0.003143236534769609,-0.003162115342665723,0.
7.000000000000001e-7,0.86,-0.0027113092304611244,-0.0027301880383572385,0.
7.25e-7,0.86,-0.0023507753955335367,-0.002369654203429651,0.
7.5e-7,0.86,-0.0020478432334826934,-0.0020667220413788075,0.
7.75e-7,0.86,-0.0017916531469202024,-0.0018105319548163165,0.
8.e-7,0.86,-0.0015735047442324507,-0.0015923835521285648,0.
8.249999999999999e-7,0.86,-0.0013862580692804876,-0.0014051368771766017,0.
8.500000000000001e-7,0.86,-0.0012240568949738579,-0.001242935702869972,0.
8.750000000000001e-7,0.86,-0.0010829746239070085,-0.0011018534318031226,0.
9.000000000000001e-7,0.86,-0.0009615250244941376,-0.0009804038323902517,0.
9.25e-7,0.86,-0.0008575482975909842,-0.0008764271054870982,0.
9.5e-7,0.86,-0.0007677972982272826,-0.0007866761061233966,0.
9.75e-7,0.86,-0.0006896886742886796,-0.0007085674821847936,0.
1.0000000000000002e-6,0.86,-0.0006213170559548383,-0.0006401958638509523,0.
1.025e-6,0.86,-0.0005611954409928602,-0.0005800742488889742,0.
1.0500000000000001e-6,0.86,-0.0005081235825950064,-0.0005270023904911204,0.
1.075e-6,0.86,-0.00046111739946556293,-0.000479996207361677,0.
1.1e-6,0.86,-0.0004193337620905713,-0.00043821256998668534,0.
1.125e-6,0.86,-0.00038207346906553937,-0.0004009522769616534,0.
1.15e-6,0.86,-0.0003487281993581961,-0.00036760700725431015,0.
1.1750000000000002e-6,0.86,-0.0003187433653596448,-0.00033762217325575885,0.
1.2000000000000002e-6,0.86,-0.0002916411049533796,-0.0003105199128494936,0.
1.2250000000000001e-6,0.86,-0.000266892073158911,-0.0002857708810550251,0.
1.25e-6,0.86,-0.00024401605161046734,-0.00026289485950658137,0.
1.275e-6,0.86,-0.00022248200357903448,-0.00024136081147514853,0.
1.3e-6,0.86,-0.00020219998959705165,-0.0002210787974931657,0.
1.325e-6,0.86,-0.00018389315743904525,-0.0002027719653351593,0.
1.35e-6,0.86,-0.00016822040579953255,-0.0001870992136956466,0.
1.375e-6,0.86,-0.0001547216924586152,-0.00017360050035472927,0.
1.4e-6,0.86,-0.0001427495514697105,-0.00016162835936582457,0.
1.4250000000000001e-6,0.86,-0.0001320424388839583,-0.00015092124678007236,0.
1.45e-6,0.86,-0.0001223278782073368,-0.00014120668610345086,0.
1.4750000000000003e-6,0.86,-0.0001134731396398845,-0.00013235194753599854,0.
1.5e-6,0.86,-0.00010542279118196597,-0.00012430159907808,0.
2.5e-7,0.865,-0.18224473269702157,-0.18226959881976817,0.
2.75e-7,0.865,-0.12306982418239568,-0.12309469030514229,0.
3.e-7,0.865,-0.08606760331329172,-0.08609246943603834,0.
3.25e-7,0.865,-0.06197742723265458,-0.062002293355401195,0.
3.5e-7,0.865,-0.0457515667437716,-0.04577643286651822,0.
3.75e-7,0.865,-0.03450056422809719,-0.03452543035084381,0.
4.e-7,0.865,-0.026499731539575296,-0.02652459766232191,0.
4.25e-7,0.865,-0.020681918442805956,-0.02070678456555257,0.
4.5000000000000003e-7,0.865,-0.016369733714474307,-0.01639459983722092,0.
4.75e-7,0.865,-0.013124052568187107,-0.013148918690933722,0.
5.000000000000001e-7,0.865,-0.010645352655177923,-0.010670218777924538,0.
5.250000000000001e-7,0.865,-0.008725490668650243,-0.008750356791396859,0.
5.5e-7,0.865,-0.0072194672288592955,-0.0072443333516059106,0.
5.75e-7,0.865,-0.00602454571998913,-0.006049411842735745,0.
6.e-7,0.865,-0.005066632130697357,-0.005091498253443972,0.
6.25e-7,0.865,-0.004291453466406987,-0.004316319589153602,0.
6.5e-7,0.865,-0.003658703434935275,-0.00368356955768189,0.
6.750000000000001e-7,0.865,-0.0031380711753914753,-0.0031629372981380904,0.
7.000000000000001e-7,0.865,-0.0027064965989849906,-0.0027313627217316057,0.
7.25e-7,0.865,-0.0023462401664200265,-0.0023711062891666416,0.
7.5e-7,0.865,-0.0020434988676294526,-0.0020683649903760677,0.
7.75e-7,0.865,-0.0017873849010033541,-0.001812251023749969,0.
8.e-7,0.865,-0.001569135296010577,-0.001594001418757192,0.
8.249999999999999e-7,0.865,-0.0013814911906582968,-0.0014063573134049116,0.
8.500000000000001e-7,0.865,-0.0012184584380909762,-0.001243324560837591,0.
8.750000000000001e-7,0.865,-0.0010762523774885068,-0.0011011185002351217,0.
9.000000000000001e-7,0.865,-0.0009540419507578288,-0.0009789080735044438,0.
9.25e-7,0.865,-0.0008499027319443372,-0.0008747688546909521,0.
9.5e-7,0.865,-0.0007603138720326854,-0.0007851799947793003,0.
9.75e-7,0.865,-0.0006824972808072979,-0.0007073634035539127,0.
1.0000000000000002e-6,0.865,-0.0006144618462519864,-0.0006393279689986013,0.
1.025e-6,0.865,-0.0005546815629468751,-0.00057954768569349,0.
1.0500000000000001e-6,0.865,-0.0005019380807733516,-0.0005268042035199665,0.
1.075e-6,0.865,-0.0004552403939279597,-0.00048010651667457454,0.
1.1e-6,0.865,-0.00041373591937639596,-0.0004386020421230108,0.
1.125e-6,0.865,-0.00037672259200110126,-0.0004015887147477161,0.
1.15e-6,0.865,-0.00034358560503524005,-0.0003684517277818549,0.
1.1750000000000002e-6,0.865,-0.00031375386582946114,-0.000338619988576076,0.
1.2000000000000002e-6,0.865,-0.0002867346767324566,-0.00031160079947907147,0.
1.2250000000000001e-6,0.865,-0.0002619484742063859,-0.00028681459695300074,0.
1.25e-6,0.865,-0.00023886432192831239,-0.00026373044467492725,0.
1.275e-6,0.865,-0.0002168707196209332,-0.00024173684236754807,0.
1.3e-6,0.865,-0.0001959255706545015,-0.00022079169340111636,0.
1.325e-6,0.865,-0.00017704789233177707,-0.00020191401507839194,0.
1.35e-6,0.865,-0.00016116368089435148,-0.00018602980364096635,0.
1.375e-6,0.865,-0.00014771786663614884,-0.0001725839893827637,0.
1.4e-6,0.865,-0.00013590226812321523,-0.0001607683908698301,0.
1.4250000000000001e-6,0.865,-0.00012541166236934028,-0.00015027778511595514,0.
1.45e-6,0.865,-0.00011592178186695046,-0.00014078790461356534,0.
1.4750000000000003e-6,0.865,-0.00010728839879706665,-0.00013215452154368153,0.
1.5e-6,0.865,-0.00009946560535670415,-0.00012433172810331902,0.
2.5e-7,0.87,-0.18224210863992096,-0.18227486146773045,0.
2.75e-7,0.87,-0.12306728902560887,-0.12310004185341834,0.
3.e-7,0.87,-0.08606502583193916,-0.08609777865974863,0.
3.25e-7,0.87,-0.06197466271721112,-0.06200741554502059,0.
3.5e-7,0.87,-0.045748409105889086,-0.04578116193369856,0.
3.75e-7,0.87,-0.03449665353368969,-0.03452940636149916,0.
4.e-7,0.87,-0.026494364978100947,-0.02652711780591042,0.
4.25e-7,0.87,-0.02067394282610684,-0.020706695653916314,0.
4.5000000000000003e-7,0.87,-0.01635874444229109,-0.016391497270100565,0.
4.75e-7,0.87,-0.01311168419314338,-0.013144437020952852,0.
5.000000000000001e-7,0.87,-0.010633131934263419,-0.010665884762072891,0.
5.250000000000001e-7,0.87,-0.008714031997438395,-0.008746784825247867,0.
5.5e-7,0.87,-0.007208934107502697,-0.0072416869353121695,0.
5.75e-7,0.87,-0.006014929274737639,-0.006047682102547112,0.
6.e-7,0.87,-0.005057860487982716,-0.005090613315792188,0.
6.25e-7,0.87,-0.004283434135650272,-0.004316186963459745,0.
6.5e-7,0.87,-0.0036513396499908957,-0.003684092477800368,0.
6.750000000000001e-7,0.87,-0.0031312671638966316,-0.003164019991706104,0.
7.000000000000001e-7,0.87,-0.002700157215921579,-0.0027329100437310516,0.
7.25e-7,0.87,-0.002340266190911693,-0.0023730190187211653,0.
7.5e-7,0.87,-0.0020377763086037136,-0.002070529136413186,0.
7.75e-7,0.87,-0.0017817626173308022,-0.001814515445140275,0.
8.e-7,0.87,-0.0015633797182940167,-0.0015961325461034894,0.
8.249999999999999e-7,0.87,-0.0013752121250650896,-0.0014079649528745623,0.
8.500000000000001e-7,0.87,-0.0012110840087565303,-0.001243836836566003,0.
8.750000000000001e-7,0.87,-0.0010673976422499799,-0.0011001504700594526,0.
9.000000000000001e-7,0.87,-0.0009441849929840304,-0.000976937820793503,0.
9.25e-7,0.87,-0.0008398317126817933,-0.000872584540491266,0.
9.5e-7,0.87,-0.0007504564193448834,-0.0007832092471543561,0.
9.75e-7,0.87,-0.0006730245003757595,-0.0007057773281852322,0.
1.0000000000000002e-6,0.87,-0.000605431898027697,-0.0006381847258371697,0.
1.025e-6,0.87,-0.0005461012290398227,-0.0005788540568492954,0.
1.0500000000000001e-6,0.87,-0.0004937902965434315,-0.0005265431243529043,0.
1.075e-6,0.87,-0.00044749897349994266,-0.0004802518013094153,0.
1.1e-6,0.87,-0.0004063622237570893,-0.00043911505156656196,0.
1.125e-6,0.87,-0.0003696742108379005,-0.00040242703864737313,0.
1.15e-6,0.87,-0.0003368115846167642,-0.00036956441242623684,0.
1.1750000000000002e-6,0.87,-0.00030718151233330584,-0.0003399343401427785,0.
1.2000000000000002e-6,0.87,-0.0002802717560947734,-0.00031302458390424604,0.
1.2250000000000001e-6,0.87,-0.0002554366039646974,-0.0002881894317741701,0.
1.25e-6,0.87,-0.00023207831325269414,-0.0002648311410621668,0.
1.275e-6,0.87,-0.00020947938638417543,-0.00024223221419364808,0.
1.3e-6,0.87,-0.00018766072803978853,-0.00022041355584926118,0.
1.325e-6,0.87,-0.0001680310837967519,-0.00020078391160622454,0.
1.35e-6,0.87,-0.00015186830721218846,-0.0001846211350216611,0.
1.375e-6,0.87,-0.00013849216398229084,-0.0001712449917917635,0.
1.4e-6,0.87,-0.00012688276353178764,-0.00015963559134126029,0.
1.4250000000000001e-6,0.87,-0.00011667734669589754,-0.0001494301745053702,0.
1.45e-6,0.87,-0.0001074834230653264,-0.00014023625087479906,0.
1.4750000000000003e-6,0.87,-0.00009914161674122092,-0.0001318944445506936,0.
1.5e-6,0.87,-0.0000916185687162463,-0.00012437139652571896,0.
2.5e-7,0.875,-0.18223865200117623,-0.18228179387918597,0.
2.75e-7,0.875,-0.1230639494969357,-0.12310709137494545,0.
3.e-7,0.875,-0.08606163055304719,-0.08610477243105694,0.
3.25e-7,0.875,-0.06197102106575349,-0.06201416294376323,0.
3.5e-7,0.875,-0.04574424960825048,-0.04578739148626022,0.
3.75e-7,0.875,-0.03449150206259342,-0.03453464394060316,0.
4.e-7,0.875,-0.026487295749086155,-0.0265304376270959,0.
4.25e-7,0.875,-0.02066343676433172,-0.020706578642341465,0.
4.5000000000000003e-7,0.875,-0.01634426849909937,-0.016387410377109116,0.
4.75e-7,0.875,-0.013095391508101992,-0.013138533386111737,0.
5.000000000000001e-7,0.875,-0.010617033717345375,-0.01066017559535512,0.
5.250000000000001e-7,0.875,-0.008698937605884397,-0.008742079483894142,0.
5.5e-7,0.875,-0.007195058927263128,-0.007238200805272872,0.
5.75e-7,0.875,-0.006002261620463988,-0.006045403498473732,0.
6.e-7,0.875,-0.005046305683277412,-0.005089447561287156,0.
6.25e-7,0.875,-0.00427287034466906,-0.0043160122226788035,0.
6.5e-7,0.875,-0.00364163940438061,-0.003684781282390354,0.
6.750000000000001e-7,0.875,-0.0031223043043468587,-0.0031654461823566026,0.
7.000000000000001e-7,0.875,-0.0026918064097096192,-0.002734948287719363,0.
7.25e-7,0.875,-0.002332396736783719,-0.002375538614793463,0.
7.5e-7,0.875,-0.002030238049957179,-0.002073379927966923,0.
7.75e-7,0.875,-0.001774356462986202,-0.0018174983409959462,0.
8.e-7,0.875,-0.0015557980004904436,-0.0015989398785001877,0.
8.249999999999999e-7,0.875,-0.0013669408613042875,-0.0014100827393140317,0.
8.500000000000001e-7,0.875,-0.0012013698733073193,-0.0012445117513170635,0.
8.750000000000001e-7,0.875,-0.00105573350215304,-0.001098875380162784,0.
9.000000000000001e-7,0.875,-0.0009312005803481787,-0.0009743424583579228,0.
9.25e-7,0.875,-0.000826565282708324,-0.0008697071607180681,0.
9.5e-7,0.875,-0.0007374713015933843,-0.0007806131796031285,0.
9.75e-7,0.875,-0.0006605460998329785,-0.0007036879778427226,0.
1.0000000000000002e-6,0.875,-0.0005935368325069302,-0.0006366787105166744,0.
1.025e-6,0.875,-0.000534798434502368,-0.0005779403125121121,0.
1.0500000000000001e-6,0.875,-0.0004830572952159203,-0.0005261991732256644,0.
1.075e-6,0.875,-0.000437301272283679,-0.0004804431502934231,0.
1.1e-6,0.875,-0.0003966489241823855,-0.0004397908021921296,0.
1.125e-6,0.875,-0.0003603894479071737,-0.0004035313259169178,0.
1.15e-6,0.875,-0.00032788823907706856,-0.00037103011708681263,0.
1.1750000000000002e-6,0.875,-0.0002985238285697859,-0.00034166570657952997,0.
1.2000000000000002e-6,0.875,-0.00027175824126763584,-0.0003149001192773799,0.
1.2250000000000001e-6,0.875,-0.0002468586310613454,-0.0002900005090710895,0.
1.25e-6,0.875,-0.00022313925410876714,-0.0002662811321185112,0.
1.275e-6,0.875,-0.00019974297042985465,-0.00024288484843959876,0.
1.3e-6,0.875,-0.00017677364253874156,-0.00021991552054848566,0.
1.325e-6,0.875,-0.00015615339696223364,-0.00019929527497197775,0.
1.35e-6,0.875,-0.0001396236307988654,-0.0001827655088086095,0.
1.375e-6,0.875,-0.00012633924773194108,-0.00016948112574168518,0.
1.4e-6,0.875,-0.000115001460044912,-0.0001581433380546561,0.
1.4250000000000001e-6,0.875,-0.00010517171591736105,-0.00014831359392710516,0.
1.45e-6,0.875,-0.00009636765248681478,-0.00013950953049655888,0.
1.4750000000000003e-6,0.875,-0.00008840993519198632,-0.00013155181320173042,0.
1.5e-6,0.875,-0.00008128174090901502,-0.00012442361891875912,0.
2.5e-7,0.88,-0.182234098379857,-0.18229092630865168,0.
2.75e-7,0.88,-0.1230595501559798,-0.12311637808477449,0.
3.e-7,0.88,-0.0860571577751818,-0.08611398570397649,0.
3.25e-7,0.88,-0.061966223736683514,-0.06202305166547821,0.
3.5e-7,0.88,-0.04573877010785037,-0.04579559803664507,0.
3.75e-7,0.88,-0.03448471581336129,-0.03454154374215598,0.
4.e-7,0.88,-0.026477983197603538,-0.026534811126398234,0.
4.25e-7,0.88,-0.020649596759739833,-0.02070642468853453,0.
4.5000000000000003e-7,0.88,-0.016325198699186878,-0.016382026627981574,0.
4.75e-7,0.88,-0.013073928298664961,-0.013130756227459656,0.
5.000000000000001e-7,0.88,-0.010595826630992308,-0.010652654559787002,0.
5.250000000000001e-7,0.88,-0.008679052890734118,-0.008735880819528813,0.
5.5e-7,0.88,-0.007176780339053683,-0.007233608267848378,0.
5.75e-7,0.88,-0.005985573772269037,-0.006042401701063732,0.
6.e-7,0.88,-0.0050310838557441175,-0.005087911784538812,0.
6.25e-7,0.88,-0.004258954038229312,-0.004315781967024006,0.
6.5e-7,0.88,-0.003628860698832208,-0.003685688627626903,0.
6.750000000000001e-7,0.88,-0.003110497003865956,-0.003167324932660651,0.
7.000000000000001e-7,0.88,-0.002680805407718893,-0.002737633336513588,0.
7.25e-7,0.88,-0.0023220298553934472,-0.0023788577841881422,0.
7.5e-7,0.88,-0.0020203074838442783,-0.0020771354126389733,0.
7.75e-7,0.88,-0.0017645999473664769,-0.0018214278761611719,0.
8.e-7,0.88,-0.0015458102456363074,-0.0016026381744310024,0.
8.249999999999999e-7,0.88,-0.0013560447959062426,-0.0014128727247009376,0.
8.500000000000001e-7,0.88,-0.0011885730987684976,-0.0012454010275631925,0.
8.750000000000001e-7,0.88,-0.0010403678517103324,-0.0010971957805050274,0.
9.000000000000001e-7,0.88,-0.0009140955631762113,-0.0009709234919709061,0.
9.25e-7,0.88,-0.000809088684780115,-0.0008659166135748099,0.
9.5e-7,0.88,-0.0007203652632625837,-0.0007771931920572785,0.
9.75e-7,0.88,-0.0006441075761016677,-0.0007009355048963625,0.
1.0000000000000002e-6,0.88,-0.0005778667639125266,-0.0006346946927072214,0.
1.025e-6,0.88,-0.0005199085962987068,-0.0005767365250934017,0.
1.0500000000000001e-6,0.88,-0.00046891807839524394,-0.0005257460071899389,0.
1.075e-6,0.88,-0.0004238672393295823,-0.00048069516812427715,0.
1.1e-6,0.88,-0.0003838530240904391,-0.00044068095288513396,0.
1.125e-6,0.88,-0.00034815808948747634,-0.0004049860182821712,0.
1.15e-6,0.88,-0.0003161330049531736,-0.00037296093374786845,0.
1.1750000000000002e-6,0.88,-0.00028711857992094633,-0.0003439465087156412,0.
1.2000000000000002e-6,0.88,-0.00026054293923415735,-0.0003173708680288522,0.
1.2250000000000001e-6,0.88,-0.00023555845413700523,-0.00029238638293170013,0.
1.25e-6,0.88,-0.00021136345559726684,-0.0002681913843919617,0.
1.275e-6,0.88,-0.00018691682164655616,-0.00024374475044125103,0.
1.3e-6,0.88,-0.00016243164241672796,-0.00021925957121142286,0.
1.325e-6,0.88,-0.00014050634363038883,-0.0001973342724250837,0.
1.35e-6,0.88,-0.0001234930539997746,-0.00018032098279446949,0.
1.375e-6,0.88,-0.00011032952278915297,-0.00016715745158384787,0.
1.4e-6,0.88,-0.00009934952920330313,-0.000156177457997998,0.
1.4250000000000001e-6,0.88,-0.00009001467393090854,-0.00014684260272560342,0.
1.45e-6,0.88,-0.00008172419452279463,-0.00013855212331748953,0.
1.4750000000000003e-6,0.88,-0.00007427245633994672,-0.00013110038513464161,0.
1.5e-6,0.88,-0.00006766442944815206,-0.00012449235824284693,0.
2.5e-7,0.885,-0.1822280992385759,-0.18230295773977329,0.
2.75e-7,0.885,-0.12305375427876006,-0.12312861277995742,0.
3.e-7,0.885,-0.08605126515924472,-0.08612612366044207,0.
3.25e-7,0.885,-0.0619599035583089,-0.06203476205950627,0.
3.5e-7,0.885,-0.04573155123481487,-0.04580640973601224,0.
3.75e-7,0.885,-0.034475775428514877,-0.03455063392971224,0.
4.e-7,0.885,-0.026465714665930132,-0.026540573167127494,0.
4.25e-7,0.885,-0.020631363695038332,-0.020706222196235694,0.
4.5000000000000003e-7,0.885,-0.0163000755831986,-0.016374934084395963,0.
4.75e-7,0.885,-0.013045651799892422,-0.013120510301089785,0.
5.000000000000001e-7,0.885,-0.010567887455006206,-0.01064274595620357,0.
5.250000000000001e-7,0.885,-0.00865285582412039,-0.008727714325317753,0.
5.5e-7,0.885,-0.007152699241745131,-0.007227557742942494,0.
5.75e-7,0.885,-0.005963588384703603,-0.006038446885900966,0.
6.e-7,0.885,-0.005011029872533291,-0.005085888373730653,0.
6.25e-7,0.885,-0.004240620012820286,-0.004315478514017649,0.
6.5e-7,0.885,-0.003612025407328171,-0.003686883908525534,0.
6.750000000000001e-7,0.885,-0.003094941493975401,-0.003169799995172764,0.
7.000000000000001e-7,0.885,-0.002666312162756164,-0.0027411706639535274,0.
7.25e-7,0.885,-0.002308372044263881,-0.0023832305454612444,0.
7.5e-7,0.885,-0.00200722451651492,-0.0020820830177122832,0.
7.75e-7,0.885,-0.0017517463203360058,-0.0018266048215333688,0.
8.e-7,0.885,-0.00153265204364514,-0.001607510544842503,0.
8.249999999999999e-7,0.885,-0.0013416900609498016,-0.0014165485621471647,0.
8.500000000000001e-7,0.885,-0.0011717143995645947,-0.0012465729007619577,0.
8.750000000000001e-7,0.885,-0.0010201247554483992,-0.0010949832566457623,0.
9.000000000000001e-7,0.885,-0.0008915607772462785,-0.0009664192784436416,0.
9.25e-7,0.885,-0.0007860642513962357,-0.0008609227525935987,0.
9.5e-7,0.885,-0.0006978289718711256,-0.0007726874730684887,0.
9.75e-7,0.885,-0.0006224506770273211,-0.0006973091782246842,0.
1.0000000000000002e-6,0.885,-0.0005572222539526127,-0.0006320807551499758,0.
1.025e-6,0.885,-0.0005002919946231842,-0.0005751504958205472,0.
1.0500000000000001e-6,0.885,-0.0004502903806216196,-0.0005251488818189827,0.
1.075e-6,0.885,-0.00040616858780293755,-0.0004810270890003006,0.
1.1e-6,0.885,-0.0003669950834950511,-0.00044185358469241414,0.
1.125e-6,0.885,-0.00033204391251235487,-0.00040690241370971796,0.
1.15e-6,0.885,-0.00030064611103548783,-0.0003755046122328509,0.
1.1750000000000002e-6,0.885,-0.0002720927974980498,-0.0003469512986954129,0.
1.2000000000000002e-6,0.885,-0.0002457674440675168,-0.0003206259452648799,0.
1.2250000000000001e-6,0.885,-0.000220671209246207,-0.00029552971044357007,0.
1.25e-6,0.885,-0.00019584970528699734,-0.0002707082064843604,0.
1.275e-6,0.885,-0.00017001938377131517,-0.0002448778849686782,0.
1.3e-6,0.885,-0.00014353713661796833,-0.0002183956378153314,0.
1.325e-6,0.885,-0.00011989236561936077,-0.00019475086681672383,0.
1.35e-6,0.885,-0.00010224194319391643,-0.0001771004443912795,0.
1.375e-6,0.885,-0.00008923757741896374,-0.0001640960786163268,0.
1.4e-6,0.885,-0.00007872892906238316,-0.00015358743025974624,0.
1.4250000000000001e-6,0.885,-0.00007004605249113694,-0.0001449045536885,0.
1.45e-6,0.885,-0.00006243219064806626,-0.00013729069184542934,0.
1.4750000000000003e-6,0.885,-0.00005564704711758387,-0.00013050554831494694,0.
1.5e-6,0.885,-0.00004972431985993598,-0.00012458282105729906,0.
2.5e-7,0.89,-0.18222019500385647,-0.18231880982600776,0.
2.75e-7,0.89,-0.12304611787127884,-0.12314473269343011,0.
3.e-7,0.89,-0.08604350131048075,-0.08614211613263202,0.
3.25e-7,0.89,-0.06195157639704317,-0.062050191219194445,0.
3.5e-7,0.89,-0.04572204003690859,-0.04582065485905987,0.
3.75e-7,0.89,-0.03446399613207903,-0.034562610954230306,0.
4.e-7,0.89,-0.02644955053260322,-0.026548165354754495,0.
4.25e-7,0.89,-0.02060734115651256,-0.020705955978663836,0.
4.5000000000000003e-7,0.89,-0.016266974827898868,-0.016365589650050142,0.
4.75e-7,0.89,-0.013008395923781136,-0.01310701074593241,0.
5.000000000000001e-7,0.89,-0.010531075839913983,-0.010629690662065257,0.
5.250000000000001e-7,0.89,-0.00861833947380121,-0.008716954295952484,0.
5.5e-7,0.89,-0.0071209707874273645,-0.007219585609578639,0.
5.75e-7,0.89,-0.005934621153751261,-0.0060332359759025355,0.
6.e-7,0.89,-0.004984607391909151,-0.005083222214060426,0.
6.25e-7,0.89,-0.004216463693382873,-0.0043150785155341475,0.
6.5e-7,0.89,-0.0035898437758246733,-0.0036884585979759478,0.
6.750000000000001e-7,0.89,-0.0030744460698422064,-0.003173060891993481,0.
7.000000000000001e-7,0.89,-0.002647216357942395,-0.0027458311800936694,0.
7.25e-7,0.89,-0.002290377001279062,-0.0023889918234303365,0.
7.5e-7,0.89,-0.001989986904952449,-0.0020886017271037234,0.
7.75e-7,0.89,-0.0017348109454572598,-0.0018334257676085343,0.
8.e-7,0.89,-0.0015153154938013882,-0.0016139303159526627,0.
8.249999999999999e-7,0.89,-0.0013227772061199235,-0.001421392028271198,0.
8.500000000000001e-7,0.89,-0.0011495026163881306,-0.001248117438539405,0.
8.750000000000001e-7,0.89,-0.0009934537414206972,-0.0010920685635719717,0.
9.000000000000001e-7,0.89,-0.0008618700248472755,-0.0009604848469985501,0.
9.25e-7,0.89,-0.0007557281666138792,-0.0008543429887651538,0.
9.5e-7,0.89,-0.0006681359579544152,-0.0007667507801056898,0.
9.75e-7,0.89,-0.0005939162800181001,-0.0006925311021693747,0.
1.0000000000000002e-6,0.89,-0.0005300217283120598,-0.0006286365504633344,0.
1.025e-6,0.89,-0.0004744457981011772,-0.0005730606202524517,0.
1.0500000000000001e-6,0.89,-0.0004257471292098299,-0.0005243619513611045,0.
1.075e-6,0.89,-0.00038284942186343345,-0.000481464244014708,0.
1.1e-6,0.89,-0.0003447836169526092,-0.00044339843910388375,0.
1.125e-6,0.89,-0.0003108124199855347,-0.0004094272421368092,0.
1.15e-6,0.89,-0.00028024112988031557,-0.0003788559520315901,0.
1.1750000000000002e-6,0.89,-0.0002522954026399416,-0.00035091022479121614,0.
1.2000000000000002e-6,0.89,-0.0002262998929532616,-0.0003249147151045362,0.
1.2250000000000001e-6,0.89,-0.0002010565394126219,-0.00029967136156389644,0.
1.25e-6,0.89,-0.0001754097488733212,-0.00027402457102459576,0.
1.275e-6,0.89,-0.0001477564910404053,-0.00024637131319167984,0.
1.3e-6,0.89,-0.00011864295276737335,-0.0002172577749186479,0.
1.325e-6,0.89,-0.00009273243330918704,-0.0001913472554604616,0.
1.35e-6,0.89,-0.0000742423452640458,-0.00017285716741532035,0.
1.375e-6,0.89,-0.00006144760265727284,-0.00016006242480854737,0.
1.4e-6,0.89,-0.00005155993096894301,-0.00015017475312021755,0.
1.4250000000000001e-6,0.89,-0.00004373605932788455,-0.0001423508814791591,0.
1.45e-6,0.89,-0.00003701368129593959,-0.00013562850344721414,0.
1.4750000000000003e-6,0.89,-0.000031106809058431344,-0.00012972163120970588,0.
1.5e-6,0.89,-0.000026087020124147573,-0.00012470184227542214,0.
2.5e-7,0.895,-0.18220977947338998,-0.1823396982599726,0.
2.75e-7,0.895,-0.12303605528590075,-0.12316597407248338,0.
3.e-7,0.895,-0.08603327082482484,-0.08616318961140747,0.
3.25e-7,0.895,-0.06194060367297175,-0.06207052245955438,0.
3.5e-7,0.895,-0.045709507173773284,-0.04583942596035591,0.
3.75e-7,0.895,-0.034448474731672334,-0.03457839351825496,0.
4.e-7,0.895,-0.026428251512430175,-0.0265581702990128,0.
4.25e-7,0.895,-0.02057568739724146,-0.020705606183824086,0.
4.5000000000000003e-7,0.895,-0.016223358297247054,-0.01635327708382968,0.
4.75e-7,0.895,-0.012959303525485747,-0.013089222312068372,0.
5.000000000000001e-7,0.895,-0.010482568534566613,-0.010612487321149238,0.
5.250000000000001e-7,0.895,-0.008572856551170382,-0.008702775337753007,0.
5.5e-7,0.895,-0.007079161478438651,-0.007209080265021276,0.
5.75e-7,0.895,-0.005896450347184231,-0.006026369133766856,0.
6.e-7,0.895,-0.004949789854158796,-0.005079708640741421,0.
6.25e-7,0.895,-0.004184632331271953,-0.004314551117854578,0.
6.5e-7,0.895,-0.0035606145153500197,-0.003690533301932645,0.
6.750000000000001e-7,0.895,-0.0030474387800101493,-0.0031773575665927744,0.
7.000000000000001e-7,0.895,-0.002622053403312944,-0.002751972189895569,0.
7.25e-7,0.895,-0.0022666645837540146,-0.0023965833703366397,0.
7.5e-7,0.895,-0.001967272635156218,-0.002097191421738843,0.
7.75e-7,0.895,-0.0017124950535801675,-0.0018424138401627926,0.
8.e-7,0.895,-0.0014924711778389105,-0.0016223899644215356,0.
8.249999999999999e-7,0.895,-0.0012978561166365607,-0.0014277749032191858,0.
8.500000000000001e-7,0.895,-0.0011202348214259528,-0.0012501536080085779,0.
8.750000000000001e-7,0.895,-0.0009583098091509543,-0.0010882285957335793,0.
9.000000000000001e-7,0.895,-0.0008227464210427981,-0.0009526652076254233,0.
9.25e-7,0.895,-0.0007157538651790625,-0.0008456726517616876,0.
9.5e-7,0.895,-0.0006290088914836128,-0.0007589276780662379,0.
9.75e-7,0.895,-0.0005563158779564554,-0.0006862346645390804,0.
1.0000000000000002e-6,0.895,-0.0004941789661770518,-0.000624097752759677,0.
1.025e-6,0.895,-0.0004403876512570818,-0.0005703064378397068,0.
1.0500000000000001e-6,0.895,-0.0003934058997053013,-0.0005233246862879264,0.
1.075e-6,0.895,-0.00035212120639397586,-0.0004820399929766009,0.
1.1e-6,0.895,-0.00031551505371091244,-0.0004454338402935375,0.
1.125e-6,0.895,-0.00028283521825274633,-0.0004127540048353714,0.
1.15e-6,0.895,-0.0002533530827915216,-0.00038327186937414664,0.
1.1750000000000002e-6,0.895,-0.00022620805723954274,-0.0003561268438221678,0.
1.2000000000000002e-6,0.895,-0.00020064731788555892,-0.000330566104468184,0.
1.2250000000000001e-6,0.895,-0.000175210309234679,-0.0003051290958173041,0.
1.25e-6,0.895,-0.00014847632553420474,-0.0002783951121168298,0.
1.275e-6,0.895,-0.00011842122846880819,-0.00024834001505143324,0.
1.3e-6,0.895,-0.00008584034187522514,-0.0002157591284578502,0.
1.325e-6,0.895,-0.00005694379644058787,-0.00018686258302321295,0.
1.35e-6,0.895,-0.00003734691353426941,-0.00016726570011689446,0.
1.375e-6,0.895,-0.00002482824350536299,-0.00015474703008798806,0.
1.4e-6,0.895,-0.000015758756400772706,-0.00014567754298339778,0.
1.4250000000000001e-6,0.895,-9.066779473872767e-6,-0.00013898556605649784,0.
1.45e-6,0.895,-3.5191212962984902e-6,-0.00013343790787892355,0.
1.4750000000000003e-6,0.895,1.2304530972149453e-6,-0.00012868833348541012,0.
1.5e-6,0.895,5.060401739988009e-6,-0.00012485838484263705,0.
2.5e-7,0.8999999999999999,-0.18219605265238484,-0.1823672273387318,0.
2.75e-7,0.8999999999999999,-0.12302279366129378,-0.12319396834764075,0.
3.e-7,0.8999999999999999,-0.08601978797522603,-0.086190962661573,0.
3.25e-7,0.8999999999999999,-0.06192614269527694,-0.06209731738162391,0.
3.5e-7,0.8999999999999999,-0.04569299020578126,-0.04586416489212824,0.
3.75e-7,0.8999999999999999,-0.0344280194113247,-0.034599194097671676,0.
4.e-7,0.8999999999999999,-0.02640018236152274,-0.02657135704786972,0.
4.25e-7,0.8999999999999999,-0.020533972239975745,-0.020705146926322724,0.
4.5000000000000003e-7,0.8999999999999999,-0.016165876718117072,-0.01633705140446405,0.
4.75e-7,0.8999999999999999,-0.012894604153887436,-0.013065778840234413,0.
5.000000000000001e-7,0.8999999999999999,-0.010418639718082805,-0.010589814404429783,0.
5.250000000000001e-7,0.8999999999999999,-0.008512913411862525,-0.008684088098209503,0.
5.5e-7,0.8999999999999999,-0.007024059794377467,-0.007195234480724444,0.
5.75e-7,0.8999999999999999,-0.005846143906668881,-0.0060173185930158584,0.
6.e-7,0.8999999999999999,-0.0049039027706802305,-0.005075077457027208,0.
6.25e-7,0.8999999999999999,-0.004142680819768665,-0.004313855506115643,0.
6.5e-7,0.8999999999999999,-0.0035220924057945088,-0.0036932670921414864,0.
6.750000000000001e-7,0.8999999999999999,-0.003011845098067068,-0.0031830197844140455,0.
7.000000000000001e-7,0.8999999999999999,-0.0025888904666405165,-0.002760065152987494,0.
7.25e-7,0.8999999999999999,-0.0022354134175708385,-0.0024065881039178156,0.
7.5e-7,0.8999999999999999,-0.0019373370658748372,-0.0021085117522218148,0.
7.75e-7,0.8999999999999999,-0.0016830847154351196,-0.001854259401782097,0.
8.e-7,0.8999999999999999,-0.0014623647848856958,-0.0016335394712326731,0.
8.249999999999999e-7,0.8999999999999999,-0.0012650133088144575,-0.0014361879951614348,0.
8.500000000000001e-7,0.8999999999999999,-0.0010816640048266378,-0.0012528386911736151,0.
8.750000000000001e-7,0.8999999999999999,-0.0009119944775645598,-0.0010831691639115373,0.
9.000000000000001e-7,0.8999999999999999,-0.0007711853098819204,-0.0009423599962288978,0.
9.25e-7,0.8999999999999999,-0.0006630710249446747,-0.000834245711291652,0.
9.5e-7,0.8999999999999999,-0.000577442378634872,-0.0007486170649818494,0.
9.75e-7,0.8999999999999999,-0.0005067612755281448,-0.0006779359618751221,0.
1.0000000000000002e-6,0.8999999999999999,-0.00044694075063704915,-0.0006181154369840265,0.
1.025e-6,0.8999999999999999,-0.0003955014049810097,-0.0005666760913279871,0.
1.0500000000000001e-6,0.8999999999999999,-0.0003507824223469869,-0.0005219571086939643,0.
1.075e-6,0.8999999999999999,-0.00031162358138031186,-0.0004827982677272892,0.
1.1e-6,0.8999999999999999,-0.00027694116595660025,-0.0004481158523035776,0.
1.125e-6,0.8999999999999999,-0.0002459633002801669,-0.0004171379866271443,0.
1.15e-6,0.8999999999999999,-0.0002179166653250128,-0.0003890913516719902,0.
1.1750000000000002e-6,0.8999999999999999,-0.00019182703130603645,-0.0003630017176530138,0.
1.2000000000000002e-6,0.8999999999999999,-0.00016683950991856024,-0.0003380141962655376,0.
1.2250000000000001e-6,0.8999999999999999,-0.00014114763635784776,-0.0003123223227048251,0.
1.25e-6,0.8999999999999999,-0.00011298134072537129,-0.00028415602707234863,0.
1.275e-6,0.8999999999999999,-0.00007976128707532763,-0.000250935973422305,0.
1.3e-6,0.8999999999999999,-0.00004261062077755454,-0.0002137853071245319,0.
1.325e-6,0.8999999999999999,-9.778016112429223e-6,-0.0001809527024594066,0.
1.35e-6,0.8999999999999999,0.00001127814829341428,-0.00015989653805356308,0.
1.375e-6,0.8999999999999999,0.000023433239502368395,-0.00014774144684460896,0.
1.4e-6,0.8999999999999999,0.00003142457501365424,-0.00013975011133332313,0.
1.4250000000000001e-6,0.8999999999999999,0.000036624857544311725,-0.00013454982880266563,0.
1.45e-6,0.8999999999999999,0.00004062433397429783,-0.00013055035237267954,0.
1.4750000000000003e-6,0.8999999999999999,0.00004384870770424427,-0.00012732597864273309,0.
1.5e-6,0.8999999999999999,0.00004611050083124059,-0.00012506418551573676,0.
2.5e-7,0.9049999999999999,-0.18217795813821192,-0.18240351550065104,0.
2.75e-7,0.9049999999999999,-0.12300531243845297,-0.1232308698008921,0.
3.e-7,0.9049999999999999,-0.08600201523015176,-0.08622757259259088,0.
3.25e-7,0.9049999999999999,-0.06190708073656628,-0.0621326380990054,0.
3.5e-7,0.9049999999999999,-0.04567121832131349,-0.045896775683752604,0.
3.75e-7,0.9049999999999999,-0.034401056557634146,-0.03462661392007326,0.
4.e-7,0.9049999999999999,-0.02636318410226662,-0.026588741464705735,0.
4.25e-7,0.9049999999999999,-0.020478987205449096,-0.02070454456788821,0.
4.5000000000000003e-7,0.9049999999999999,-0.01609010778992146,-0.016315665152360576,0.
4.75e-7,0.9049999999999999,-0.012809319011997385,-0.013034876374436502,0.
5.000000000000001e-7,0.9049999999999999,-0.010334369356737282,-0.010559926719176398,0.
5.250000000000001e-7,0.9049999999999999,-0.008433896547558646,-0.008659453909997762,0.
5.5e-7,0.9049999999999999,-0.00695142475363091,-0.007176982116070025,0.
5.75e-7,0.9049999999999999,-0.005779829881582952,-0.006005387244022067,0.
6.e-7,0.9049999999999999,-0.004843414321534748,-0.005068971683973864,0.
6.25e-7,0.9049999999999999,-0.004087380251550375,-0.0043129376139894905,0.
6.5e-7,0.9049999999999999,-0.0034713125061596466,-0.003696869868598762,0.
6.750000000000001e-7,0.9049999999999999,-0.002964925502046673,-0.0031904828644857886,0.
7.000000000000001e-7,0.9049999999999999,-0.002545175154036929,-0.0027707325164760444,0.
7.25e-7,0.9049999999999999,-0.0021942183157578447,-0.0024197756781969603,0.
7.5e-7,0.9049999999999999,-0.0018978763740392587,-0.0021234337364783745,0.
7.75e-7,0.9049999999999999,-0.0016443167262845109,-0.0018698740887236266,0.
8.e-7,0.9049999999999999,-0.0014226798996104107,-0.0016482372620495265,0.
8.249999999999999e-7,0.9049999999999999,-0.0012217223658828964,-0.0014472797283220122,0.
8.500000000000001e-7,0.9049999999999999,-0.0010308235102727814,-0.0012563808727118972,0.
8.750000000000001e-7,0.9049999999999999,-0.0008509448412549254,-0.001076502203694041,0.
9.000000000000001e-7,0.9049999999999999,-0.0007032191987791354,-0.0009287765612182511,0.
9.25e-7,0.9049999999999999,-0.0005936252597149911,-0.0008191826221541068,0.
9.5e-7,0.9049999999999999,-0.0005094676909204414,-0.000735025053359557,0.
9.75e-7,0.9049999999999999,-0.0004414384722706116,-0.0006669958347097272,0.
1.0000000000000002e-6,0.9049999999999999,-0.0003846713095141337,-0.0006102286719532493,0.
1.025e-6,0.9049999999999999,-0.00033633228413520024,-0.0005618896465743159,0.
1.0500000000000001e-6,0.9049999999999999,-0.0002945960738807438,-0.0005201534363198595,0.
1.075e-6,0.9049999999999999,-0.00025823955758626276,-0.0004837969200253784,0.
1.1e-6,0.9049999999999999,-0.000226093047099046,-0.0004516504095381617,0.
1.125e-6,0.9049999999999999,-0.000197358800549703,-0.00042291616298881864,0.
1.15e-6,0.9049999999999999,-0.00017120456820328317,-0.0003967619306423988,0.
1.1750000000000002e-6,0.9049999999999999,-0.0001465063664692169,-0.0003720637289083325,0.
1.2000000000000002e-6,0.9049999999999999,-0.00012227484606059971,-0.0003478322084997154,0.
1.2250000000000001e-6,0.9049999999999999,-0.00009624763256877736,-0.000321804995007893,0.
1.25e-6,0.9049999999999999,-0.00006619418571485633,-0.000291751548153972,0.
1.275e-6,0.9049999999999999,-0.000028802948127905966,-0.0002543603105670216,0.
1.3e-6,0.9049999999999999,0.000014371709479189294,-0.00021118565295992635,0.
1.325e-6,0.9049999999999999,0.00005239402634855185,-0.0001731633360905638,0.
1.35e-6,0.9049999999999999,0.00007537486659459707,-0.00015018249584451858,0.
1.375e-6,0.9049999999999999,0.00008705114881919124,-0.00013850621361992442,0.
1.4e-6,0.9049999999999999,0.00009362153811660061,-0.00013193582432251505,0.
1.4250000000000001e-6,0.9049999999999999,0.00009685557685190933,-0.00012870178558720632,0.
1.45e-6,0.9049999999999999,0.00009881426636895114,-0.0001267430960701645,0.
1.4750000000000003e-6,0.9049999999999999,0.00010002818184642736,-0.0001255291805926883,0.
1.5e-6,0.9049999999999999,0.00010022277858075922,-0.00012533458385835641,0.
2.5e-7,0.9099999999999999,-0.18215409978331595,-0.18245136239001492,0.
2.75e-7,0.9099999999999999,-0.12298226286454031,-0.12327952547123927,0.
3.e-7,0.9099999999999999,-0.08597858143499129,-0.08627584404169025,0.
3.25e-7,0.9099999999999999,-0.061881947307236264,-0.06217920991393522,0.
3.5e-7,0.9099999999999999,-0.045642512184859235,-0.04593977479155819,0.
3.75e-7,0.9099999999999999,-0.03436550681117373,-0.034662769417872684,0.
4.e-7,0.9099999999999999,-0.02631440408075203,-0.026611666687450984,0.
4.25e-7,0.9099999999999999,-0.02040649299036631,-0.020703755597065266,0.
4.5000000000000003e-7,0.9099999999999999,-0.015990207765758505,-0.01628747037245746,0.
4.75e-7,0.9099999999999999,-0.012696868317724559,-0.012994130924423515,0.
5.000000000000001e-7,0.9099999999999999,-0.010223255032125268,-0.010520517638824224,0.
5.250000000000001e-7,0.9099999999999999,-0.008329708530000753,-0.00862697113669971,0.
5.5e-7,0.9099999999999999,-0.006855651224184306,-0.007152913830883262,0.
5.75e-7,0.9099999999999999,-0.005692390849840259,-0.0059896534565392155,0.
6.e-7,0.9099999999999999,-0.004763656615029515,-0.005060919221728471,0.
6.25e-7,0.9099999999999999,-0.004014463085227038,-0.0043117256919259946,0.
6.5e-7,0.9099999999999999,-0.003404356158187616,-0.0037016187648865723,0.
6.750000000000001e-7,0.9099999999999999,-0.0029030592764978983,-0.0032003218831968545,0.
7.000000000000001e-7,0.9099999999999999,-0.0024875340929641056,-0.002784796699663062,0.
7.25e-7,0.9099999999999999,-0.0021399004989759766,-0.0024371631056749328,0.
7.5e-7,0.9099999999999999,-0.0018458458081227983,-0.0021431084148217545,0.
7.75e-7,0.9099999999999999,-0.0015932001251337262,-0.0018904627318326824,0.
8.e-7,0.9099999999999999,-0.0013703554353453242,-0.0016676180420442804,0.
8.249999999999999e-7,0.9099999999999999,-0.001164644989124111,-0.0014619075958230672,0.
8.500000000000001e-7,0.9099999999999999,-0.0009637935390024305,-0.0012610561457013867,0.
8.750000000000001e-7,0.9099999999999999,-0.0007704529635716727,-0.0010677155702706288,0.
9.000000000000001e-7,0.9099999999999999,-0.000613604960349126,-0.0009108675670480821,0.
9.25e-7,0.9099999999999999,-0.0005020582889651392,-0.0007993208956640954,0.
9.5e-7,0.9099999999999999,-0.00041983961281291486,-0.000717102219511871,0.
9.75e-7,0.9099999999999999,-0.00035530668294645736,-0.0006525692896454135,0.
1.0000000000000002e-6,0.9099999999999999,-0.00030256538366178873,-0.0005998279903607448,0.
1.025e-6,0.9099999999999999,-0.00025831423169844146,-0.0005555768383973976,0.
1.0500000000000001e-6,0.9099999999999999,-0.0002205109636941264,-0.0005177735703930825,0.
1.075e-6,0.9099999999999999,-0.00018784952092337155,-0.00048511212762232764,0.
1.1e-6,0.9099999999999999,-0.00015904680855344843,-0.0004563094152524045,0.
1.125e-6,0.9099999999999999,-0.00013327104785322704,-0.00043053365455218316,0.
1.15e-6,0.9099999999999999,-0.00010961227708754272,-0.00040687488378649884,0.
1.1750000000000002e-6,0.9099999999999999,-0.00008674913363585755,-0.00038401174033481366,0.
1.2000000000000002e-6,0.9099999999999999,-0.0000635151134885166,-0.0003607777201874727,0.
1.2250000000000001e-6,0.9099999999999999,-0.000037046817238001024,-0.0003343094239369571,0.
1.25e-6,0.9099999999999999,-4.506654492639366e-6,-0.0003017692611915955,0.
1.275e-6,0.9099999999999999,0.00003838303358534091,-0.0002588795731136152,0.
1.3e-6,0.9099999999999999,0.00008950086056766133,-0.0002077617461312948,0.
1.325e-6,0.9099999999999999,0.0001343681983934052,-0.00016289440830555093,0.
1.35e-6,0.9099999999999999,0.00015988866258734603,-0.00013737394411161009,0.
1.375e-6,0.9099999999999999,0.00017093440795580523,-0.00012632819874315088,0.
1.4e-6,0.9099999999999999,0.00017563167188614664,-0.00012163093481280948,0.
1.4250000000000001e-6,0.9099999999999999,0.00017570128190927102,-0.0001215613247896851,0.
1.45e-6,0.9099999999999999,0.00017448881527904375,-0.00012277379141991236,0.
1.4750000000000003e-6,0.9099999999999999,0.00017210012598069913,-0.00012516248071825698,0.
1.5e-6,0.9099999999999999,0.00017005085152220319,-0.00012721175517675293,0.
2.5e-7,0.9149999999999999,-0.18212263041608964,-0.18251447190708295,0.
2.75e-7,0.9149999999999999,-0.12295186051450459,-0.1233437020054979,0.
3.e-7,0.9149999999999999,-0.08594767257686185,-0.08633951406785516,0.
3.25e-7,0.9149999999999999,-0.06184879704633949,-0.0622406385373328,0.
3.5e-7,0.9149999999999999,-0.045604650259634956,-0.04599649175062826,0.
3.75e-7,0.9149999999999999,-0.03431861966320088,-0.03471046115419418,0.
4.e-7,0.9149999999999999,-0.026250069248872625,-0.026641910739865934,0.
4.25e-7,0.9149999999999999,-0.020310882598887393,-0.020702724089880702,0.
4.5000000000000003e-7,0.9149999999999999,-0.015858446456759455,-0.016250287947752764,0.
4.75e-7,0.9149999999999999,-0.012548547086170309,-0.012940388577163616,0.
5.000000000000001e-7,0.9149999999999999,-0.010076693596514676,-0.010468535087507983,0.
5.250000000000001e-7,0.9149999999999999,-0.008192281832243943,-0.00858412332323725,0.
5.5e-7,0.9149999999999999,-0.006729322946552732,-0.0071211644375460395,0.
5.75e-7,0.9149999999999999,-0.005577055810029756,-0.005968897301023063,0.
6.e-7,0.9149999999999999,-0.004658453421000891,-0.005050294911994198,0.
6.25e-7,0.9149999999999999,-0.003918282807285334,-0.004310124298278642,0.
6.5e-7,0.9149999999999999,-0.0033160384791937076,-0.0037078799701870152,0.
6.750000000000001e-7,0.9149999999999999,-0.0028214557799560278,-0.0032132972709493354,0.
7.000000000000001e-7,0.9149999999999999,-0.0024115039468515,-0.0028033454378448078,0.
7.25e-7,0.9149999999999999,-0.002068254163025824,-0.0024600956540191316,0.
7.5e-7,0.9149999999999999,-0.001777217001822728,-0.0021690584928160356,0.
7.75e-7,0.9149999999999999,-0.0015257779029190356,-0.001917619393912343,0.
8.e-7,0.9149999999999999,-0.0013013419471440799,-0.0016931834381373873,0.
8.249999999999999e-7,0.9149999999999999,-0.0010893655371767576,-0.001481207028170065,0.
8.500000000000001e-7,0.9149999999999999,-0.0008753896587284476,-0.0012672311497217551,0.
8.750000000000001e-7,0.9149999999999999,-0.0006642914385594472,-0.0010561329295527546,0.
9.000000000000001e-7,0.9149999999999999,-0.0004954062595007106,-0.0008872477504940181,0.
9.25e-7,0.9149999999999999,-0.00038128087783941814,-0.0007731223688327256,0.
9.5e-7,0.9149999999999999,-0.0003016182551272879,-0.0006934597461205954,0.
9.75e-7,0.9149999999999999,-0.00024169638676488654,-0.000633537877758194,0.
1.0000000000000002e-6,0.9149999999999999,-0.0001942650276014556,-0.000586106518594763,0.
1.025e-6,0.9149999999999999,-0.00015540577035982195,-0.0005472472613531294,0.
1.0500000000000001e-6,0.9149999999999999,-0.00012279014688729303,-0.0005146316378806005,0.
1.075e-6,0.9149999999999999,-0.00009500270031835602,-0.0004868441913116635,0.
1.1e-6,0.9149999999999999,-0.00007061066610795222,-0.00046245215710125965,0.
1.125e-6,0.9149999999999999,-0.00004873749004919639,-0.00044057898104250386,0.
1.15e-6,0.9149999999999999,-0.000028370690981960903,-0.00042021218197526834,0.
1.1750000000000002e-6,0.9149999999999999,-7.928696564214733e-6,-0.00039977018755752217,0.
1.2000000000000002e-6,0.9149999999999999,0.000013988426780671683,-0.0003778530642126358,0.
1.2250000000000001e-6,0.9149999999999999,0.0000410366432135102,-0.00035080484777979723,0.
1.25e-6,0.9149999999999999,0.00007685407507119226,-0.0003149874159221152,0.
1.275e-6,0.9149999999999999,0.00012699378453052585,-0.00026484770646278163,0.
1.3e-6,0.9149999999999999,0.0001885892217702101,-0.00020325226922309736,0.
1.325e-6,0.9149999999999999,0.00024248897836085453,-0.00014935251263245293,0.
1.35e-6,0.9149999999999999,0.00027136246343901203,-0.00012047902755429543,0.
1.375e-6,0.9149999999999999,0.00028157790362476196,-0.0001102635873685455,0.
1.4e-6,0.9149999999999999,0.00028185851039566796,-0.0001099829805976395,0.
1.4250000000000001e-6,0.9149999999999999,0.00027759757870261337,-0.00011424391229069409,0.
1.45e-6,0.9149999999999999,0.0002729071411797585,-0.00011893434981354896,0.
1.4750000000000003e-6,0.9149999999999999,0.0002669205082397626,-0.00012492098275354487,0.
1.5e-6,0.9149999999999999,0.00026161109342674326,-0.0001302303975665642,0.
2.5e-7,0.9199999999999999,-0.1820811026164668,-0.18259775126509656,0.
2.75e-7,0.9199999999999999,-0.1229117411760881,-0.12342838982471785,0.
3.e-7,0.9199999999999999,-0.08590688532939779,-0.08642353397802754,0.
3.25e-7,0.9199999999999999,-0.06180505273120221,-0.062321701379831965,0.
3.5e-7,0.9199999999999999,-0.0455546896416642,-0.04607133829029396,0.
3.75e-7,0.9199999999999999,-0.03425675183152585,-0.034773400480155606,0.
4.e-7,0.9199999999999999,-0.02616518249243244,-0.026681831141062196,0.
4.25e-7,0.9199999999999999,-0.0201847301625682,-0.020701378811197955,0.
4.5000000000000003e-7,0.9199999999999999,-0.015684584101050017,-0.016201232749679773,0.
4.75e-7,0.9199999999999999,-0.012352822278396298,-0.012869470927026056,0.
5.000000000000001e-7,0.9199999999999999,-0.00988328603718707,-0.010399934685816827,0.
5.250000000000001e-7,0.9199999999999999,-0.008010926765128476,-0.008527575413758233,0.
5.5e-7,0.9199999999999999,-0.0065626130194217465,-0.007079261668051503,0.
5.75e-7,0.9199999999999999,-0.005424852788451314,-0.00594150143708107,0.
6.e-7,0.9199999999999999,-0.004519620846838503,-0.00503626949546826,0.
6.25e-7,0.9199999999999999,-0.0037913574345271,-0.004308006083156857,0.
6.5e-7,0.9199999999999999,-0.003199489198235172,-0.003716137846864929,0.
6.750000000000001e-7,0.9199999999999999,-0.002713767177581357,-0.003230415826211114,0.
7.000000000000001e-7,0.9199999999999999,-0.0023111706463892745,-0.0028278192950190314,0.
7.25e-7,0.9199999999999999,-0.0019737065898453874,-0.0024903552384751442,0.
7.5e-7,0.9199999999999999,-0.0016866525302158054,-0.002203301178845562,0.
7.75e-7,0.9199999999999999,-0.0014368075100113223,-0.001953456158641079,0.
8.e-7,0.9199999999999999,-0.001210275010201343,-0.0017269236588311,0.
8.249999999999999e-7,0.9199999999999999,-0.0009900353811413316,-0.0015066840297710883,0.
8.500000000000001e-7,0.9199999999999999,-0.0007587456062013411,-0.0012753942548310979,0.
8.750000000000001e-7,0.9199999999999999,-0.0005242117127084798,-0.0010408603613382365,0.
9.000000000000001e-7,0.9199999999999999,-0.0003394337709433721,-0.0008560824195731288,0.
9.25e-7,0.9199999999999999,-0.00022190016368568268,-0.0007385488123154394,0.
9.5e-7,0.9199999999999999,-0.00014560820501386505,-0.0006622568536436218,0.
9.75e-7,0.9199999999999999,-0.00009177021769705384,-0.0006084188663268106,0.
1.0000000000000002e-6,0.9199999999999999,-0.00005134563380608795,-0.0005679942824358447,0.
1.025e-6,0.9199999999999999,-0.000019601584896850396,-0.0005362502335266072,0.
1.0500000000000001e-6,0.9199999999999999,6.16818079985449e-6,-0.0005104804678299023,0.
1.075e-6,0.9199999999999999,0.000027523489770835898,-0.0004891251588589209,0.
1.1e-6,0.9199999999999999,0.00004609476332708084,-0.0004705538853026759,0.
1.125e-6,0.9199999999999999,0.00006281743446242966,-0.00045383121416732713,0.
1.15e-6,0.9199999999999999,0.00007883930111499613,-0.0004378093475147606,0.
1.1750000000000002e-6,0.9199999999999999,0.00009608508019001117,-0.00042056356843974557,0.
1.2000000000000002e-6,0.9199999999999999,0.00011626232969205199,-0.0004003863189377048,0.
1.2250000000000001e-6,0.9199999999999999,0.00014407256804205895,-0.0003725760805876978,0.
1.25e-6,0.9199999999999999,0.0001842100202577029,-0.00033243862837205383,0.
1.275e-6,0.9199999999999999,0.00024391272848732352,-0.00027273592014243325,0.
1.3e-6,0.9199999999999999,0.00031933556685467314,-0.00019731308177508363,0.
1.325e-6,0.9199999999999999,0.00038516131586504714,-0.00013148733276470962,0.
1.35e-6,0.9199999999999999,0.00041846516839601894,-0.00009818348023373782,0.
1.375e-6,0.9199999999999999,0.0004273311112283172,-0.00008931753740143954,0.
1.4e-6,0.9199999999999999,0.0004210629461052302,-0.00009558570252452654,0.
1.4250000000000001e-6,0.9199999999999999,0.00041206577103531706,-0.0001045828775944397,0.
1.45e-6,0.9199999999999999,0.0004027859500992113,-0.00011386269853054547,0.
1.4750000000000003e-6,0.9199999999999999,0.00039205115101012257,-0.0001245974976196342,0.
1.5e-6,0.9199999999999999,0.00038243906127403244,-0.00013420958735572432,0.
2.5e-7,0.9249999999999999,-0.1820262674938925,-0.1827077141653189,0.
2.75e-7,0.9249999999999999,-0.12285876653954798,-0.12354021321097436,0.
3.e-7,0.9249999999999999,-0.08585302961397508,-0.08653447628540145,0.
3.25e-7,0.9249999999999999,-0.061747293673630986,-0.06242874034505737,0.
3.5e-7,0.9249999999999999,-0.04548872462681025,-0.04617017129823663,0.
3.75e-7,0.9249999999999999,-0.034175068723829465,-0.034856515395255847,0.
4.e-7,0.9249999999999999,-0.026053113759985626,-0.026734560431412008,0.
4.25e-7,0.9249999999999999,-0.020018183514037658,-0.02069963018546404,0.
4.5000000000000003e-7,0.9249999999999999,-0.01545503183856636,-0.01613647850999274,0.
4.75e-7,0.9249999999999999,-0.012094385249551845,-0.012775831920978226,0.
5.000000000000001e-7,0.9249999999999999,-0.009627900050358908,-0.010309346721785288,0.
5.250000000000001e-7,0.9249999999999999,-0.007771452024024917,-0.008452898695451298,0.
5.5e-7,0.9249999999999999,-0.006342475271730759,-0.00702392194315714,0.
5.75e-7,0.9249999999999999,-0.005223870491101741,-0.005905317162528121,0.
6.e-7,0.9249999999999999,-0.004336293819146996,-0.005017740490573377,0.
6.25e-7,0.9249999999999999,-0.003623753763055302,-0.004305200434481683,0.
6.5e-7,0.9249999999999999,-0.0030455872699590605,-0.003727033941385441,0.
6.750000000000001e-7,0.9249999999999999,-0.002571566091690776,-0.0032530127631171567,0.
7.000000000000001e-7,0.9249999999999999,-0.0021786828032831773,-0.002860129474709558,0.
7.25e-7,0.9249999999999999,-0.0018488597571621954,-0.002530306428588576,0.
7.5e-7,0.9249999999999999,-0.0015670670580749085,-0.002248513729501289,0.
7.75e-7,0.9249999999999999,-0.0013193301308255998,-0.0020007768022519802,0.
8.e-7,0.9249999999999999,-0.0010900350645916736,-0.0017714817360180543,0.
8.249999999999999e-7,0.9249999999999999,-0.0008588939166140203,-0.001540340588040401,0.
8.500000000000001e-7,0.9249999999999999,-0.0006047516009134764,-0.001286198272339857,0.
8.750000000000001e-7,0.9249999999999999,-0.00033926836078840484,-0.0010207150322147855,0.
9.000000000000001e-7,0.9249999999999999,-0.00013349065133482938,-0.0008149373227612101,0.
9.25e-7,0.9249999999999999,-0.000011447451786220145,-0.0006928941232126008,0.
9.5e-7,0.9249999999999999,0.0000603978665273385,-0.0006210488048990422,0.
9.75e-7,0.9249999999999999,0.00010620416752832513,-0.0005752425038980556,0.
1.0000000000000002e-6,0.9249999999999999,0.00013737732740171015,-0.0005440693440246705,0.
1.025e-6,0.9249999999999999,0.00015972627841949108,-0.0005217203930068897,0.
1.0500000000000001e-6,0.9249999999999999,0.00017645628889901088,-0.0005049903825273698,0.
1.075e-6,0.9249999999999999,0.00018931782614699423,-0.0004921288452793865,0.
1.1e-6,0.9249999999999999,0.00020020256548763644,-0.00048124410593874424,0.
1.125e-6,0.9249999999999999,0.00021012332289950333,-0.00047132334852687733,0.
1.15e-6,0.9249999999999999,0.000220406626948488,-0.0004610400444778927,0.
1.1750000000000002e-6,0.9249999999999999,0.00023342988754444227,-0.0004480167838819384,0.
1.2000000000000002e-6,0.9249999999999999,0.00025130614117967496,-0.0004301405302467057,0.
1.2250000000000001e-6,0.9249999999999999,0.0002801169173749653,-0.0004013297540514154,0.
1.25e-6,0.9249999999999999,0.00032595044101625545,-0.00035549623041012524,0.
1.275e-6,0.9249999999999999,0.0003982730209771233,-0.0002831736504492574,0.
1.3e-6,0.9249999999999999,0.0004919556738996051,-0.00018949099752677554,0.
1.325e-6,0.9249999999999999,0.0005735404792350855,-0.00010790619219129517,0.
1.35e-6,0.9249999999999999,0.0006127042012549102,-0.00006874247017147044,0.
1.375e-6,0.9249999999999999,0.0006168438410297023,-0.00006460283039667837,0.
1.4e-6,0.9249999999999999,0.000604880135359912,-0.00007656653606646869,0.
1.4250000000000001e-6,0.9249999999999999,0.0005896289824730297,-0.00009181768895335097,0.
1.45e-6,0.9249999999999999,0.0005742895539363164,-0.00010715711749006431,0.
1.4750000000000003e-6,0.9249999999999999,0.0005572846766063789,-0.00012416199482000179,0.
1.5e-6,0.9249999999999999,0.0005419902601925082,-0.00013945641123387252,0.
2.5e-7,0.9299999999999999,-0.1819538013883863,-0.18285302823274444,0.
2.75e-7,0.9299999999999999,-0.12278876032435777,-0.12368798716871592,0.
3.e-7,0.9299999999999999,-0.08578186052449217,-0.08668108736885032,0.
3.25e-7,0.9299999999999999,-0.0616709684772873,-0.06257019532164544,0.
3.5e-7,0.9299999999999999,-0.045401559081843706,-0.04630078592620185,0.
3.75e-7,0.9299999999999999,-0.03406713950957311,-0.03496636635393125,0.
4.e-7,0.9299999999999999,-0.02590504580491476,-0.026804272649272907,0.
4.25e-7,0.9299999999999999,-0.019798140865431156,-0.0206973677097893,0.
4.5000000000000003e-7,0.9299999999999999,-0.015151712753909296,-0.01605093959826744,0.
4.75e-7,0.9299999999999999,-0.011752865153160855,-0.012652091997518999,0.
5.000000000000001e-7,0.9299999999999999,-0.009290396714327706,-0.01018962355868585,0.
5.250000000000001e-7,0.9299999999999999,-0.007454969912732988,-0.008354196757091132,0.
5.5e-7,0.9299999999999999,-0.006051545620811413,-0.006950772465169557,0.
5.75e-7,0.9299999999999999,-0.004958255109841994,-0.0058574819542001385,0.
6.e-7,0.9299999999999999,-0.004094010960248806,-0.004993237804606951,0.
6.25e-7,0.9299999999999999,-0.0034022507352456884,-0.0043014775796038325,0.
6.5e-7,0.9299999999999999,-0.00284219268528155,-0.0037414195296396942,0.
6.750000000000001e-7,0.9299999999999999,-0.0023836359094849416,-0.003282862753843086,0.
7.000000000000001e-7,0.9299999999999999,-0.0020035906453314076,-0.002902817489689552,0.
7.25e-7,0.9299999999999999,-0.001683867639587745,-0.0025830944839458896,0.
7.5e-7,0.9299999999999999,-0.0014090312824760944,-0.002308258126834239,0.
7.75e-7,0.9299999999999999,-0.001164085838992965,-0.0020633126833511095,0.
8.e-7,0.9299999999999999,-0.00093115008081157,-0.0018303769251697142,0.
8.249999999999999e-7,0.9299999999999999,-0.0006856190142148559,-0.0015848458585730001,0.
8.500000000000001e-7,0.9299999999999999,-0.0004012930015593057,-0.00130051984591745,0.
8.750000000000001e-7,0.9299999999999999,-0.00009490265131941463,-0.000994129495677559,0.
9.000000000000001e-7,0.9299999999999999,0.00013865171304093613,-0.0007605751313172082,0.
9.25e-7,0.9299999999999999,0.00026667055581101635,-0.000632556288547128,0.
9.5e-7,0.9299999999999999,0.00033264672934982085,-0.0005665801150083235,0.
9.75e-7,0.9299999999999999,0.00036784196894723066,-0.0005313848754109137,0.
1.0000000000000002e-6,0.9299999999999999,0.00038679021764694244,-0.0005124366267112018,0.
1.025e-6,0.9299999999999999,0.00039672352654415054,-0.0005025033178139937,0.
1.0500000000000001e-6,0.9299999999999999,0.00040150693196092666,-0.0004977199123972177,0.
1.075e-6,0.9299999999999999,0.00040314285412603937,-0.0004960839902321049,0.
1.1e-6,0.9299999999999999,0.00040386867586790796,-0.0004953581684902363,0.
1.125e-6,0.9299999999999999,0.0004047988419927198,-0.0004944280023654246,0.
1.15e-6,0.9299999999999999,0.0004074961724765793,-0.000491730671881565,0.
1.1750000000000002e-6,0.9299999999999999,0.0004149356063203068,-0.0004842912380378375,0.
1.2000000000000002e-6,0.9299999999999999,0.00042976477386940683,-0.0004694620704887375,0.
1.2250000000000001e-6,0.9299999999999999,0.0004598879048788229,-0.00043933893947932143,0.
1.25e-6,0.9299999999999999,0.000513234515339258,-0.0003859923290188863,0.
1.275e-6,0.9299999999999999,0.0006022214492526956,-0.0002970053951054487,0.
1.3e-6,0.9299999999999999,0.0007200375516189841,-0.00017918929273916023,0.
1.325e-6,0.9299999999999999,0.0008224683546786895,-0.00007675848967945477,0.
1.35e-6,0.9299999999999999,0.0008693931923771245,-0.000029833651981019788,0.
1.375e-6,0.9299999999999999,0.0008672976524204388,-0.000031929191937705515,0.
1.4e-6,0.9299999999999999,0.0008478092544236213,-0.000051417589934523,0.
1.4250000000000001e-6,0.9299999999999999,0.0008242932377571274,-0.00007493360660101693,0.
1.45e-6,0.9299999999999999,0.000800946598049747,-0.00009828024630839736,0.
1.4750000000000003e-6,0.9299999999999999,0.0007756549605045608,-0.00012357188385358348,0.
1.5e-6,0.9299999999999999,0.0007528496466249016,-0.0001463771977332427,0.
2.5e-7,0.9349999999999999,-0.18185793120680252,-0.18304526522244094,0.
2.75e-7,0.9349999999999999,-0.12269614660328539,-0.12388348061892379,0.
3.e-7,0.9349999999999999,-0.08568771097306911,-0.08687504498870752,0.
3.25e-7,0.9349999999999999,-0.06157000153106173,-0.06275733554670014,0.
3.5e-7,0.9349999999999999,-0.04528625779401759,-0.046473591809656004,0.
3.75e-7,0.9349999999999999,-0.03392438295014132,-0.035111716965779735,0.
4.e-7,0.9349999999999999,-0.025709216213809647,-0.026896550229448056,0.
4.25e-7,0.9349999999999999,-0.019507125046667934,-0.020694459062306342,0.
4.5000000000000003e-7,0.9349999999999999,-0.014750502720481118,-0.015937836736119527,0.
4.75e-7,0.9349999999999999,-0.011301065793257917,-0.012488399808896327,0.
5.000000000000001e-7,0.9349999999999999,-0.008843884689219948,-0.010031218704858359,0.
5.250000000000001e-7,0.9349999999999999,-0.007036257901022198,-0.008223591916660607,0.
5.5e-7,0.9349999999999999,-0.005666635314352003,-0.006853969329990413,0.
5.75e-7,0.9349999999999999,-0.004606834403116271,-0.005794168418754681,0.
6.e-7,0.9349999999999999,-0.003773459436771611,-0.004960793452410021,0.
6.25e-7,0.9349999999999999,-0.0031091919444461483,-0.0042965259600845586,0.
6.5e-7,0.9349999999999999,-0.0025730928717431537,-0.003760426887381564,0.
6.750000000000001e-7,0.9349999999999999,-0.002134997454440915,-0.003322331470079325,0.
7.000000000000001e-7,0.9349999999999999,-0.001771939444318572,-0.0029592734599569823,0.
7.25e-7,0.9349999999999999,-0.0014655823545731313,-0.002652916370211541,0.
7.5e-7,0.9349999999999999,-0.0011999547822149992,-0.002387288797853409,0.
7.75e-7,0.9349999999999999,-0.0009587121223730631,-0.0021460461380114733,0.
8.e-7,0.9349999999999999,-0.0007209775144130171,-0.001908311530051427,0.
8.249999999999999e-7,0.9349999999999999,-0.0004564383089077127,-0.0016437723245461228,0.
8.500000000000001e-7,0.9349999999999999,-0.0001322092557159552,-0.0013195432713543653,0.
8.750000000000001e-7,0.9349999999999999,0.00022831146826951336,-0.0009590225473688966,0.
9.000000000000001e-7,0.9349999999999999,0.0004986568965414154,-0.0006886771190969946,0.
9.25e-7,0.9349999999999999,0.0006346094533592115,-0.0005527245622791986,0.
9.5e-7,0.9349999999999999,0.0006928335598001481,-0.0004945004558382619,0.
9.75e-7,0.9349999999999999,0.0007139960275363864,-0.0004733379881020236,0.
1.0000000000000002e-6,0.9349999999999999,0.0007121394533149551,-0.0004751945623234549,0.
1.025e-6,0.9349999999999999,0.0007016613316778297,-0.00048567268396058026,0.
1.0500000000000001e-6,0.9349999999999999,0.0006886634296068555,-0.0004986705860315545,0.
1.075e-6,0.9349999999999999,0.0006759043376757343,-0.0005114296779626757,0.
1.1e-6,0.9349999999999999,0.0006641782288953255,-0.0005231557867430845,0.
1.125e-6,0.9349999999999999,0.0006561717398762863,-0.0005311622757621237,0.
1.15e-6,0.9349999999999999,0.0006542327122526639,-0.0005331013033857461,0.
1.1750000000000002e-6,0.9349999999999999,0.0006550629166384569,-0.0005322710989999532,0.
1.2000000000000002e-6,0.9349999999999999,0.0006658499710183284,-0.0005214840446200816,0.
1.2250000000000001e-6,0.9349999999999999,0.0006976920457775952,-0.0004896419698608148,0.
1.25e-6,0.9349999999999999,0.0007609530115679524,-0.0004263810040704576,0.
1.275e-6,0.9349999999999999,0.0008719633038046901,-0.00031537071183371994,0.
1.3e-6,0.9349999999999999,0.0010217116348684998,-0.0001656223807699102,0.
1.325e-6,0.9349999999999999,0.0011517558787891274,-0.00003557813684928264,0.
1.35e-6,0.9349999999999999,0.0012089783841697029,0.000021644368531292856,0.
1.375e-6,0.9349999999999999,0.0011986527297560647,0.000011318714117654729,0.
1.4e-6,0.9349999999999999,0.0011692131331284283,-0.0000181208825099817,0.
1.4250000000000001e-6,0.9349999999999999,0.001134762873178897,-0.00005257114245951311,0.
1.45e-6,0.9349999999999999,0.0011008242364982865,-0.00008650977914012353,0.
1.4750000000000003e-6,0.9349999999999999,0.0010645683135153399,-0.00012276570212307013,0.
1.5e-6,0.9349999999999999,0.0010318236292623942,-0.0001555103863760158,0.
2.5e-7,0.94,-0.1817309146138395,-0.1832999413866606,0.
2.75e-7,0.94,-0.12257344812805802,-0.1241424749008791,0.
3.e-7,0.94,-0.08556298228019385,-0.08713200905301492,0.
3.25e-7,0.94,-0.061436247531353384,-0.06300527430417446,0.
3.5e-7,0.94,-0.045133524871864054,-0.04670255164468513,0.
3.75e-7,0.94,-0.033735300182947854,-0.035304326955768926,0.
4.e-7,0.94,-0.0254498690238242,-0.027018895796645275,0.
4.25e-7,0.94,-0.019121726712090514,-0.02069075348491159,0.
4.5000000000000003e-7,0.94,-0.014219071120750958,-0.015788097893572033,0.
4.75e-7,0.94,-0.010702520547172219,-0.012271547319993295,0.
5.000000000000001e-7,0.94,-0.008252297738292958,-0.009821324511114034,0.
5.250000000000001e-7,0.94,-0.006481484523772482,-0.008050511296593557,0.
5.5e-7,0.94,-0.005156639344552912,-0.006725666117373987,0.
5.75e-7,0.94,-0.004141207617615567,-0.005710234390436642,0.
6.e-7,0.94,-0.0033487324917059885,-0.004917759264527063,0.
6.25e-7,0.94,-0.0027208926231645325,-0.004289919395985608,0.
6.5e-7,0.94,-0.0022165400684782013,-0.0037855668412992765,0.
6.750000000000001e-7,0.94,-0.0018055578647198007,-0.003374584637540876,0.
7.000000000000001e-7,0.94,-0.0014650111751630499,-0.003034037947984125,0.
7.25e-7,0.94,-0.0011763691752402605,-0.0027453959480613355,0.
7.5e-7,0.94,-0.0009229522670069376,-0.0024919790398280125,0.
7.75e-7,0.94,-0.0006866324088339413,-0.0022556591816550163,0.
8.e-7,0.94,-0.00044257079930769044,-0.0020115975721287653,0.
8.249999999999999e-7,0.94,-0.00015289924423175468,-0.0017219260170528296,0.
8.500000000000001e-7,0.94,0.00022414580731126764,-0.0013448809655098074,0.
8.750000000000001e-7,0.94,0.0006564031448439828,-0.0009126236279770922,0.
9.000000000000001e-7,0.94,0.0009755685575310067,-0.0005934582152900683,0.
9.25e-7,0.94,0.001122081678113295,-0.00044694509470778005,0.
9.5e-7,0.94,0.0011700573282941906,-0.00039896944452688437,0.
9.75e-7,0.94,0.0011587179295762665,-0.00041030884324480847,0.
1.0000000000000002e-6,0.94,0.0011319381872831942,-0.00043708858553788074,0.
1.025e-6,0.94,0.0011002641678147975,-0.00046876260500627745,0.
1.0500000000000001e-6,0.94,0.0010672852669165287,-0.0005017415059045463,0.
1.075e-6,0.94,0.0010363785641972286,-0.0005326482086238464,0.
1.1e-6,0.94,0.0010083598449293107,-0.0005606669278917643,0.
1.125e-6,0.94,0.0009865876344716446,-0.0005824391383494304,0.
1.15e-6,0.94,0.0009739892907015444,-0.0005950374821195306,0.
1.1750000000000002e-6,0.94,0.0009732056128275529,-0.0005958211599935221,0.
1.2000000000000002e-6,0.94,0.0009786182445162632,-0.0005904085283048117,0.
1.2250000000000001e-6,0.94,0.001012707519542235,-0.00055631925327884,0.
1.25e-6,0.94,0.0010890597018798785,-0.0004799670709411965,0.
1.275e-6,0.94,0.0012292079379082974,-0.00033981883491277756,0.
1.3e-6,0.94,0.00142127042363504,-0.0001477563491860351,0.
1.325e-6,0.94,0.0015879602993213366,0.00001893352650026163,0.
1.35e-6,0.94,0.0016588785614406124,0.00008985178861953746,0.
1.375e-6,0.94,0.001637681977143601,0.00006865520432252606,0.
1.4e-6,0.94,0.0015950647479340842,0.00002603797511300924,0.
1.4250000000000001e-6,0.94,0.0015461277155769768,-0.000022899057244098187,0.
1.45e-6,0.94,0.0014981581729162587,-0.00007086859990481633,0.
1.4750000000000003e-6,0.94,0.0014473738133447191,-0.00012165295947635588,0.
1.5e-6,0.94,0.0014014558890911872,-0.0001675708837298878,0.
2.5e-7,0.945,-0.1815623077207816,-0.18363798233089354,0.
2.75e-7,0.945,-0.12241057976750792,-0.12448625437761986,0.
3.e-7,0.945,-0.08539742696369902,-0.08747310157381095,0.
3.25e-7,0.945,-0.061258723834484954,-0.06333439844459689,0.
3.5e-7,0.945,-0.04493082952759161,-0.047006504137703534,0.
3.75e-7,0.945,-0.033484396717356917,-0.03556007132746884,0.
4.e-7,0.945,-0.02510578337388503,-0.027181457983996956,0.
4.25e-7,0.945,-0.01861041999429653,-0.020686094604408456,0.
4.5000000000000003e-7,0.945,-0.013513845648527117,-0.015589520258639045,0.
4.75e-7,0.945,-0.009908049682568757,-0.011983724292680685,0.
5.000000000000001e-7,0.945,-0.007466981311708821,-0.009542655921820749,0.
5.250000000000001e-7,0.945,-0.005745004002167599,-0.007820678612279527,0.
5.5e-7,0.945,-0.004479587875169033,-0.0065552624852809604,0.
5.75e-7,0.945,-0.003523052591698926,-0.005598727201810853,0.
6.e-7,0.945,-0.002784872777430581,-0.004860547387542508,0.
6.25e-7,0.945,-0.00220539369452323,-0.004281068304635157,0.
6.5e-7,0.945,-0.001743189269343625,-0.0038188638794555523,0.
6.750000000000001e-7,0.945,-0.001368205858892227,-0.003443880469004154,0.
7.000000000000001e-7,0.945,-0.001057550775176172,-0.003133225385288099,0.
7.25e-7,0.945,-0.0007924365008448298,-0.002868111110956757,0.
7.5e-7,0.945,-0.0005552462760430754,-0.0026309208861550024,0.
7.75e-7,0.945,-0.0003254910660291057,-0.0024011656761410327,0.
8.e-7,0.945,-0.00007308497128024415,-0.0021487595813921715,0.
8.249999999999999e-7,0.945,0.0002498584105400792,-0.0018258161995718478,0.
8.500000000000001e-7,0.945,0.0006969241439911125,-0.0013787504661208147,0.
8.750000000000001e-7,0.945,0.001224442902187847,-0.0008512317079240801,0.
9.000000000000001e-7,0.945,0.0016085478170843569,-0.00046712679302757026,0.
9.25e-7,0.945,0.001769166239057149,-0.0003065083710547781,0.
9.5e-7,0.945,0.0017885113597372257,-0.00028716325037470144,0.
9.75e-7,0.945,0.001744939753824888,-0.00033073485628703917,0.
1.0000000000000002e-6,0.945,0.0016892529744919667,-0.0003864216356199604,0.
1.025e-6,0.945,0.0016294410218483245,-0.00044623358826360263,0.
1.0500000000000001e-6,0.945,0.0015699346501710642,-0.000505739959940863,0.
1.075e-6,0.945,0.0015149333956272811,-0.000560741214484646,0.
1.1e-6,0.945,0.0014652783586079049,-0.0006103962515040223,0.
1.125e-6,0.945,0.0014252224312031995,-0.0006504521789087276,0.
1.15e-6,0.945,0.0013984557213938178,-0.0006772188887181094,0.
1.1750000000000002e-6,0.945,0.0013918544206556614,-0.0006838201894562657,0.
1.2000000000000002e-6,0.945,0.0013937703803585735,-0.0006819042297533536,0.
1.2250000000000001e-6,0.945,0.0014307896927685155,-0.0006448849173434116,0.
1.25e-6,0.945,0.0015244421854100124,-0.0005512324247019147,0.
1.275e-6,0.945,0.0017031981405835762,-0.00037247646952835094,0.
1.3e-6,0.945,0.0019514434264773471,-0.00012423118363458002,0.
1.325e-6,0.945,0.0021668854948232175,0.00009121088471129033,0.
1.35e-6,0.945,0.0022560765749062646,0.00018040196479433748,1.
1.375e-6,0.945,0.0022205075434808146,0.0001448329333688875,1.
1.4e-6,0.945,0.0021604093072525744,0.00008473469714064723,0.
1.4250000000000001e-6,0.945,0.0020922415904360077,0.00001656698032408057,0.
1.45e-6,0.945,0.002025650798314726,-0.000050023811797201244,0.
1.4750000000000003e-6,0.945,0.0019555772207548554,-0.00012009738935707176,0.
1.5e-6,0.945,0.0018921642327147123,-0.00018351037739721483,0.