gap_um,Peq_mPa,PPW_mPa,PEW_mPa,Ptotal_mPa
0.7,-2.5741721682132903,2.1650694512242095,-0.009172086240263281,-0.4182748032293444
0.72,-2.3001212283889045,2.071087285895231,-0.008478043733616492,-0.23751198622729033
0.74,-2.0615415816911162,2.0035158314659607,-0.007847212861818859,-0.06587296308697448
0.7599999999999999,-1.8530652840771407,1.96931608287124,-0.0072729774941436435,0.10897782129995562
0.7799999999999999,-1.6702486383210295,1.9817617387221358,-0.006749484231875019,0.30476361616923126
0.7999999999999999,-1.5093947189643344,2.064252157791815,-0.006271550366711144,0.5485858884607695
0.82,-1.3674133309553498,2.2515333125173216,-0.0058345824638436706,0.8782853990981281
0.84,-1.241709831513748,2.5728259683535546,-0.005434504703529562,1.325681632136277
0.86,-1.1300963544788867,2.9882559675315403,-0.005067696023526405,1.853091917029127
0.8799999999999999,-1.0307205320819945,3.336585251376485,-0.004730935101388184,2.3011337841931017
0.8999999999999999,-0.9420079649432457,3.4975819702337487,-0.004421352261365851,2.551152653029137
0.9199999999999999,-0.8626155561010164,3.5094770818990866,-0.004136387461465489,2.642725138336605
0.94,-0.7913934766787182,3.4419805293488612,-0.003873753597454476,2.646713299072688
0.96,-0.7273540251613559,3.337060131554743,-0.0036314044435994458,2.6060747019497876
0.98,-0.6696460195636541,3.216139406336272,-0.0034075066297408296,2.543085880142877
1.,-0.6175336514660827,3.0902632383160173,-0.0032004151283645593,2.46952917172157
1.02,-0.5703789545932463,2.9653906156844614,-0.003008651792461791,2.392003009298753
1.04,-0.5276272142932386,2.844893293295228,-0.0028308865448723563,2.3144351924571174
1.06,-0.48879477983742475,2.730765194709546,-0.0026659208726832594,2.239304493999438
1.08,-0.4534588477991689,2.6244007578070727,-0.002512673326564497,2.1684292366813396
1.1,-0.4212488685899869,2.5270823008697825,-0.0023701667652622272,2.1034632655145336
1.1199999999999999,-0.3918392946087547,2.440035891122895,-0.0022375171204666792,2.0459590793936733
1.1400000000000001,-0.3649434412585719,2.3651484584141254,-0.002113923487552678,1.998091093668001
1.16,-0.34030827426519156,2.305587958863361,-0.001998659373841547,1.9632810252243282
1.1800000000000002,-0.31770997056605566,2.2658380099588427,-0.0018910649585906557,1.9462369744341965
1.2,-0.2969501272891028,2.2541067315836,-0.0017905402383623446,1.955366064056135
1.22,-0.2778525153716742,2.282056589686626,-0.001696538948182134,2.0025075353667696
1.24,-0.2602602922478766,2.3662710527546524,-0.0016085631633400194,2.1044021973434357
1.26,-0.24403360259252885,2.5232713736381274,-0.0015261584991414846,2.2777116125464576
1.28,-0.22904750800840648,2.7522952190435306,-0.0014489098366573334,2.5217988011984667
1.2999999999999998,-0.21519019629989342,3.0020857459762436,-0.0013764375117946222,2.7855191121645557
1.32,-0.2023614290019171,3.1770449840604513,-0.0013083939130226483,2.9733751611455115
1.3399999999999999,-0.19047119245595154,3.241581298352037,-0.0012444604400161732,3.0498656454560695
1.36,-0.17943852320668835,3.2305162877788476,-0.001184344781475363,3.0498934197906835
1.38,-0.1691904830437048,3.17913309587663,-0.0011277784755791553,3.0088148343573455
1.4,-0.15966126280098344,3.108738270778002,-0.001074514721037573,2.948002493255981
1.42,-0.15079139718988988,3.0280972671480018,-0.001024326410624856,2.876281543547487
1.44,-0.14252707558862177,2.9452917661235163,-0.000977004362480922,2.8017876861724136
1.46,-0.13481953593295057,2.8613284621516173,-0.0009323557274339802,2.7255765704912327
1.48,-0.12762453072244428,2.779829427431188,-0.0008902025531821056,2.651314694155562
1.5,-0.1209018557330395,2.702376953024598,-0.0008503804884279207,2.5806247168031304
1.5199999999999998,-0.11461493335983897,2.628338367261551,-0.000812737612032391,2.5129106962896794
1.54,-0.10873044364362157,2.562112159376919,-0.0007771333739792102,2.4526045823593186