E_eV,quadrature_weight_eV,dPPW_dE_mPaPerEV,dPEW_dE_mPaPerEV,dPNE_dE_mPaPerEV
1.424009606534469,0.000024653338106129773,122.45046836313165,-0.0480115858436111,122.40245677728802
1.4240506151046741,0.00005738566339721928,122.26090718540843,-0.04793207373480595,122.21297511167361
1.424124387965334,0.00009016018962242416,121.9206358116491,-0.04778937027134109,121.87284644137776
1.424230933441018,0.00012292907202117245,121.43088215131846,-0.04758403282097878,121.38329811849748
1.4243702418940716,0.00015568536403789127,120.79350877507514,-0.04731690413629288,120.74619187093884
1.424542298577967,0.00018842489339139943,120.01094115319145,-0.04698908241318612,119.96395207077826
1.4247470848472363,0.00022114392477166854,119.08614615317998,-0.04660191218615407,119.03954424099383
1.4249845783847,0.000253838828724185,118.02261158859942,-0.046156975275664765,117.97645461332375
1.4252547532637527,0.00028650601033057647,116.82432320577661,-0.04565608017142985,116.7786671256052
1.4255575799710989,0.0003191418894137486,115.49573873932178,-0.04510124964944711,115.45063748967235
1.4258930254177196,0.0003517428941112943,114.0417591555619,-0.0444947066782176,113.99726444888371
1.4262610529458697,0.0003843054586284991,112.46769732704418,-0.04383885876549505,112.42385846827868
1.426661622334703,0.0004168260224975663,110.77924443083404,-0.04313628094901561,110.73610814988503
1.427094689805497,0.00044930103044032164,108.98243439010899,-0.04238969766431124,108.94004469244467
1.4275602080268919,0.000481726932493265,107.08360669430185,-0.04160196373677535,107.04200473056505
1.4280581261203218,0.0005141001842569194,105.08936794170388,-0.040776044748028345,105.04859189695586
1.4285883896657312,0.00054641724720552,103.00655245132539,-0.03991499702157022,102.96663745430382
1.4291509407076182,0.0005786745890305375,100.84218228901709,-0.03902194746236312,100.80316034155472
1.42974571776143,0.0006108686840000156,98.60342704687494,-0.03810007347115732,98.5653269734038
1.4303726558203227,0.0006429960133264004,96.29756370536852,-0.03715258313834883,96.26041112223017
1.4310316863622932,0.0006750530655419388,93.9319368948543,-0.036182695904741276,93.89575419894958
1.4317227373576888,0.0007070363368747525,91.51391985754883,-0.03519362385830643,91.47872623369052
1.4324457332770897,0.0007389423316290955,89.05087639310959,-0.03418855381729248,89.01668783929229
1.4332005950995756,0.0007707675625621967,86.55012405084254,-0.033170630330985475,86.51695342051156
1.4339872403213683,0.0008025085512636992,84.01889880990369,-0.03214293971045279,83.98675587019324
1.4348055829648534,0.0008341618285355012,81.46432146566076,-0.031108495182730695,81.43321297047802
1.4356555335879826,0.0008657239347693472,78.89336591621057,-0.03007022324346936,78.8632956929671
1.4365369992940507,0.0008971914203235074,76.31282951806655,-0.02903095126513817,76.28379856680142
1.4374498837418515,0.0009285608459003501,73.72930565451804,-0.027993396400697187,73.70131225811734
1.438394087156209,0.0009598287829205586,71.14915863445378,-0.026960155806337163,71.12219847864745
1.4393695063388847,0.0009909918138991522,68.57850101370445,-0.025933698191581603,68.55256731551287
1.440376034679856,0.001022046532817674,66.02317340553077,-0.02491635669087088,65.99825704883989
1.4414135621689708,0.0010529895454956238,63.48872682197675,-0.023910323037771637,63.46481649893899
1.4424819754079705,0.0010838174699630129,60.98040756377467,-0.022917643011266163,60.9574899207634
1.443581157622886,0.0011145269368294007,58.503144653543465,-0.021940213113179705,58.48120444043028
1.4447109886768,0.0011451145896509576,56.06153978553395,-0.020979778426749845,56.04056000710721
1.4458713450829777,0.001175577085298099,53.65985974527596,-0.020037931598584673,53.63982181367737
1.447062100018365,0.0012059110943207043,51.30203123441528,-0.019116112879803488,51.282915121535474
1.4482831233374491,0.0012361133013125375,48.99163801975951,-0.01821561115693788,48.97342240860257
1.4495342815864825,0.0012661804052730243,46.73192031102785,-0.017337565899144675,46.71458274512871
1.4508154380180711,0.0012961091199667296,44.52577625880058,-0.016482969945374643,44.509293288855204
1.452126452606119,0.001325896174285589,42.37576545248115,-0.015652673053286718,42.360112779427865
1.4534671820611331,0.001355538312603736,40.28411428743873,-0.01484738613078683,40.26926690130795
1.4548374798458843,0.0013850322951341825,38.25272306094228,-0.014067686071054701,38.23865537487122
1.456237196191424,0.0014143748982831032,36.283174648138825,-0.01331402111268547,36.269860627026134
1.457666178113453,0.0014435629150022446,34.37674460264784,-0.012586716648041472,34.3641578859998
1.4591242694290425,0.0014725931551385627,32.534412521932154,-0.011885981404994923,32.52252654052716
1.4606113107737042,0.0015014624457840436,30.75687451605333,-0.011211913929862661,30.745662602123467
1.4621271396188085,0.001530167631621516,29.04455662001107,-0.01056450930240819,29.03399211070866
1.463671590289348,0.0015587055752703807,27.397628994395955,-0.009943666017240421,27.387685328378716
1.4652444939820453,0.0015870731576290546,25.816020765711688,-0.009349192969701136,25.806671572741983
1.4668456787838045,0.001615267278215442,24.299435365124893,-0.008780816488336585,24.290654548636557
1.4684749696904968,0.0016432848555065322,22.84736623115176,-0.008238187360239414,22.839128043791522
1.470132188626092,0.0016711228272753224,21.45911274680721,-0.007720887799847951,21.451391859007362
1.4718171544621192,0.0016987781509244684,20.13379628499721,-0.007228438316184403,20.126567846681024
1.4735296830374642,0.0017262478038196233,18.870376238343276,-0.006760304437913881,18.86361593390536
1.4752695871784978,0.0017535287836197985,17.667665913202118,-0.006315903260003459,17.66135000994212
1.4770366767195329,0.0017806181086054257,16.524348174440203,-0.005894609780096567,16.518453564660103
1.4788307585236096,0.001807512818004107,15.438990738859895,-0.005495762996968082,15.433494975862928
1.4806516365036044,0.001834209972313467,14.410061030685947,-0.005118671747555458,14.40494235893839
1.4824991116436603,0.0018607066536250856,13.435940529977204,-0.0047626202630476335,13.431177909714156
1.4843729820209417,0.0018869999659396025,12.514938560757365,-0.004426873428328692,12.510511687329036
1.4862730428277002,0.0019130870354866659,11.64530547681865,-0.004110681732707674,11.641194795085942
1.4881990863936625,0.0019389650110371139,10.825245208025624,-0.0038132859032876027,10.821431922122336
1.4901509022087258,0.001964631064214318,10.052927129909694,-0.003533921215541742,10.049393208694154
1.492128276945968,0.001990082389805096,9.326497218208525,-0.003271821478645008,9.32322539672988
1.4941309944849617,0.0020153162060646966,8.644088452565526,-0.0030262226958600084,8.641062229869666
1.4961588359353961,0.0020403297550220024,8.00383044308451,-0.0027963664027852737,8.001034076681723
1.4982115796610018,0.002065120302779369,7.403858269609083,-0.002581502688543245,7.40127676692054
1.500289001303773,0.002089685139813624,6.842320542351106,-0.0023808929070121003,6.839939649444094
1.5023908738084921,0.0021140215812698827,6.317386707631263,-0.002193812086992843,6.31519289554427
1.5045169674475425,0.0021381269672570216,5.827253628910898,-0.0020195510517573094,5.825234077859141
1.50666704984602,0.0021619986631367808,5.37015146992577,-0.00185741825974437,5.368294051666027
1.5088408860071283,0.002185634059813603,4.944348897614687,-0.0017067413792759658,4.9426421562354115
1.5110382383378658,0.0022090305740169506,4.548157614899567,-0.0015668686110533016,4.546590746288513
1.5132588666749913,0.0022321856485870723,4.1799362338193395,-0.0014371697728834047,4.1784990640464565
1.5155025283112749,0.0022550967527514526,3.8380935100229716,-0.0013170371615838512,3.836776472861388
1.5177689780220236,0.0022777613824031704,3.5210909760427063,-0.0012058862073355573,3.5198850898353706
1.5200579680918853,0.0023001770603743184,3.22744502485592,-0.0011031559359099689,3.22634186892001
1.522369248341921,0.0023223413367068494,2.9557284994903266,-0.0010083092542040456,2.954720190236123
1.5247025661569507,0.002344251788919057,2.704571836726592,-0.0009208330743862455,2.703651003652206
1.5270576665131617,0.0023659060222723967,2.472663798213452,-0.0008402382917054739,2.4718235599217464
1.5294342920059831,0.002387301670031713,2.258751809675956,-0.0007660596306549922,2.2579857500453007
1.5318321828782189,0.0024084363937240186,2.061641926189228,-0.0006978553737301247,2.060944070815498
1.5342510770484377,0.0024293078833953017,1.8801984502101012,-0.0006352069864851473,1.8795632432236162
1.5366907101396188,0.0024499138578617957,1.7133432432479225,-0.0005777186519946114,1.7127655245959277
1.5391508155080467,0.002470252064959341,1.5600547819688717,-0.000525016727170242,1.5595297652417015
1.5416311242724536,0.0024903202817900833,1.4193670079957799,-0.00047674913268821783,1.4188902588630916
1.5441313653434108,0.0025101163149657433,1.2903680079422883,-0.00043258468755465017,1.2899354232547338
1.546651265452953,0.002529638000845178,1.1721985438799296,-0.00039221239859013433,1.1718063314813394
1.5491905491844487,0.002548883205774552,1.0640504442753305,-0.00035534071435580703,1.0636951035609747
1.5517489390027015,0.0025678498263171858,0.9651648668905229,-0.00032169675228394147,0.964843170138239
1.554326155284284,0.0025865357894850624,0.8748304556812099,-0.00029102550702178533,0.874539430174188
1.5569219163480994,0.0026049390529651697,0.7923814246983255,-0.00026308904725609047,0.7921183356510695
1.5595359384861676,0.002623057605342283,0.717195604628897,-0.00023766570756319903,0.7169579389213339
1.5621679359946357,0.002640889466319379,0.6486924791490327,-0.0002145492811306881,0.648477929867902
1.5648176212050022,0.0026584326869343524,0.5863312238121583,-0.00019354821852606946,0.5861376755936322
1.567484704515559,0.002675685349771378,0.5296087488923205,-0.0001744848370487812,0.5294342640552717
1.5701688944230445,0.0026926455691725056,0.47805774596792255,-0.00015719454459703792,0.47790055142332555
1.5728698975545032,0.0027093114914429066,0.4312447454813955,-0.00014152508141261153,0.43110322039998294
1.5755874186993504,0.00272568129505258,0.3887682021513579,-0.0001273357825357935,0.38864086636882206
1.5783211608416383,0.0027417531908375064,0.3502566289469665,-0.00011449686331046577,0.350142132083656
1.581070825192518,0.0027575254221926817,0.31536679500465253,-0.00010288872982561922,0.3152639062748269
1.5838361112228971,0.0027729962652667923,0.2837819918741901,-0.00009240131576450136,0.2836895905584256
1.586616716696286,0.0027881640291480456,0.2552103632989202,-0.00008293344675541531,0.2551274298521648
1.5894123377018305,0.0028030270560510918,0.22938329207625363,-0.00007439223297787578,0.2293088998432758
1.5922226686875303,0.0028175837214966513,0.20605384324874507,-0.00006669249047324583,0.20598715075827184
1.5950474024936325,0.0028318324344902856,0.18499527049393066,-0.00005975619133856929,0.18493551430259209
1.5978862303862054,0.002845771637695115,0.16599959582235088,-0.000053511942744406286,0.1659460838796065
1.6007388420908797,0.002859399807603378,0.14887626906136955,-0.00004789449451026587,0.1488283745668593
1.6036049258267624,0.002872715454701421,0.1334509058822416,-0.0000428442747927515,0.13340806160744884
1.6064841683405124,0.0028857171236338834,0.11956409694032649,-0.000038306953289844,0.11952578998703664
1.6093762549405788,0.002898403393361704,0.10707028011151623,-0.000034233031237764615,0.10703604708027846
1.612280869531594,0.0029107728773184035,0.09583667238058098,-0.00003057745737260939,0.09580609492320837
1.6151976946489244,0.0029228242235608097,0.08574226344953562,-0.000027299268945379073,0.08571496418059024
1.6181264114933658,0.0029345561149169597,0.07667687517930555,-0.000024361256814236133,0.07665251392249131
1.6210666999659882,0.0029459672691309023,0.06854028827418152,-0.00002172965358983869,0.06851855862059168
1.6240182387031221,0.0029570564390015955,0.06124143255588036,-0.000019373843776682326,0.06122205871210368
1.6269807051114815,0.002967822412519719,0.05469763363048618,-0.00001726609483373818,0.05468036753565244
1.629953775403422,0.0029782640130008105,0.048833909102523665,-0.000015381308069694904,0.04881852779445397
1.632937124632331,0.0029883800992126374,0.04358231098299942,-0.000013696788290266188,0.04356861419470915
1.6359304267281423,0.002998169565500692,0.03888131454623599,-0.000012192031125883214,0.0388691225151101
1.638933354532975,0.003007631341909846,0.034675254878837505,-0.00001084852698632413,0.03466440635185118
1.6419455798368896,0.0030167643942993665,0.03091381035981839,-9.649580613260014e-6,0.030904160779205127
1.6449667734137623,0.0030255677244569587,0.02755152923776012,-8.580145231186383e-6,0.027542949092528933
1.6479966050572665,0.003034040370208431,0.02454739376122914,-7.626670330793431e-6,0.02453976709089835
1.6510347436169641,0.003042181405522097,0.02186441708007149,-6.776962155587437e-6,0.021857640117915907
1.6540808570344985,0.0030499899406099054,0.019469270543249505,-6.020056001731667e-6,0.01946325048724777
1.657134612379888,0.003057465122025155,0.017331941138945622,-5.346099481907688e-6,0.017326595039463714
1.6601956758879146,0.0030646061327557483,0.015425419172395434,-4.746245945895378e-6,0.015420672926449538
1.6632637129946017,0.00307141219231285,0.013725414916356262,-4.212557292986816e-6,0.013721202359063274
1.666338388373782,0.0030778825568171975,0.012210101247606044,-3.737915453823925e-6,0.012206363332152219
1.669419365973747,0.0030840165190799576,0.010859878595523443,-3.3159418613865655e-6,0.010856562653662059
1.6725063090539778,0.003089813408679081,0.009657159274155763,-2.940924272320564e-6,0.009654218349883443
1.675598880221947,0.003095272592034196,0.00858616975868112,-2.607750340309892e-6,0.00858356200834081
1.6786967414699971,0.0031003934724747394,0.007632770596283491,-2.3118473825381274e-6,0.007630458748900953
1.681799554212282,0.0031051754903060054,0.006784293716868224,-2.0491278182736627e-6,0.00678224458904995
1.6849069793217744,0.0031096181228690424,0.006029396095641031,-1.8159397951109853e-6,0.00602758015584592
1.68801867716733,0.0031137208845994327,0.005357927820533185,-1.6090225533072637e-6,0.005356318797979877
1.6911343076508096,0.0031174833270786718,0.004760812375416293,-1.4254661118977022e-6,0.004759386909304395
1.6942535302442492,0.003120905039084887,0.004229937486958643,-1.2626748918128159e-6,0.00422867481206683
1.6973760040270798,0.0031239856466356857,0.003758055730860278,-1.1183349210360547e-6,0.0037569373959392425
1.7005013877233877,0.003126724813031614,0.0033386946595392484,-9.90384294933474e-7,0.0033377042752443147
1.703629339739216,0.0031291222388910326,0.002966076211075452,-8.769865912738668e-7,0.0029651992244841786
1.7067595181998987,0.0031311776621828413,0.0026350447320909395,-7.765069641727414e-7,0.0026342682251267666
1.7098915809874269,0.00313289085825664,0.0023410025054416417,-6.874906642772156e-7,0.002340315014777364
1.7130251857778414,0.0031342616398655136,0.002079851578454508,-6.08643754015825e-7,0.002079242934700492
1.7161599900786466,0.0031352898571877855,0.0018479409938998445,-5.388158067258549e-7,0.0018474021780931188
1.7192956512662452,0.003135975397842806,0.001642018982155896,-4.769843970062497e-7,0.0016415419977588894
1.7224318266233847,0.003136318186902969,0.0014591899648782256,-4.2224120679580745e-7,0.0014587677236714298
1.7255681733766153,0.0031363181869030585,0.001296876216175087,-3.7377958751519936e-7,0.0012965024365875716
1.7287043487337548,0.0031359753978428473,0.0011527838219690166,-3.308834332113471e-7,0.0011524529385358055
1.7318400099213533,0.003135289857187877,0.0010248723343953096,-2.929174880738435e-7,0.0010245794169072358
1.7349748142221586,0.0031342616398656615,0.0009113275381410708,-2.593188262133609e-7,0.0009110682193148575
1.7381084190125728,0.0031328908582567315,0.0008105371523294619,-2.2958709909451034e-7,0.0008103075652303673
1.7412404818001013,0.003131177662183023,0.0007210684657210723,-2.0327861712608172e-7,0.0007208651871039462
1.7443706602607838,0.003129122238890977,0.0006416484319386804,-1.8000015749266547e-7,0.0006414684317811877
1.747498612276612,0.003126724813031751,0.0005711460032152743,-1.5940332009682488e-7,0.0005709865998951775
1.7506239959729202,0.003123985646635827,0.0005085565171528931,-1.4117950411870148e-7,0.0005084153376487744
1.7537464697557505,0.003120905039084764,0.00045298787011562063,-1.2505544308964226e-7,0.000452862814672531
1.7568656923491905,0.0031174833270787112,0.0004036481744399335,-1.1078924734396241e-7,0.00040353738519258956
1.75998132283267,0.003113720884599458,0.00035983463732514953,-9.816692207174044e-8,0.00035973647040307775
1.7630930206782256,0.0031096181228690892,0.00032092346139322693,-8.699938546924416e-8,0.0003208364620077577
1.7662004457877178,0.0031051754903060427,0.00028636046409669097,-7.712029543815986e-8,0.00028628334380125284
1.7693032585300028,0.0031003934724748252,0.00025564951937496707,-6.838889791893629e-8,0.0002555811304770481
1.7724011197780527,0.003095272592034379,0.00022837329436258455,-6.070119723363134e-8,0.00022831259316535092
1.7754936909460222,0.003089813408679062,0.00020415022587298907,-5.3846398857529345e-8,0.00020409637947413155
1.7785806340262527,0.0030840165190799485,0.00018262076855124655,-4.7770831048532494e-8,0.00018257299772019803
1.781661611626218,0.0030778825568172764,0.00016348097787171242,-4.2388432837769114e-8,0.00016343858943887465
1.7847362870053984,0.0030714121923129003,0.00014646128812890476,-3.7620549214610423e-8,0.00014642366757969017
1.7878043241120853,0.0030646061327557214,0.0001313225710454918,-3.339690686085726e-8,0.00013128917413863093
1.7908653876201117,0.0030574651220251913,0.00011785260734198592,-2.9655069514764205e-8,0.00011782295227247115
1.7939191429655015,0.003049989940609884,0.00010586297251294281,-2.633968247255796e-8,0.00010583663283047026
1.7969652563830358,0.0030421814055220132,0.0000951863050848364,-2.3401719921269466e-8,0.00009516290336491512
1.8000033949427332,0.0030340403702084503,0.00008567390651465728,-2.0797786007317766e-8,0.00008565310872864996
1.8030332265862374,0.003025567724457017,0.00007719361665040475,-1.8489481395100244e-8,0.00007717512716900965
1.8060544201631101,0.0030167643942993123,0.00006962792050743588,-1.6442835219128394e-8,0.00006961147767221674
1.809066645467025,0.003007631341909862,0.00006287226307229544,-1.462779838859699e-8,0.00006285763527390684
1.8120695732718577,0.002998169565500877,0.000056833566547850195,-1.301779297091474e-8,0.00005682054875487929
1.815062875367669,0.002988380099212602,0.00005142895126058127,-1.1589312182201666e-8,0.000051417361948399074
1.818046224596578,0.002978264013000612,0.0000465846572717473,-1.0321565728262432e-8,0.000046574335706019046
1.8210192948885184,0.002967822412519671,0.000042235152658817456,-9.196165616943837e-9,0.00004222595649320051
1.8239817612968776,0.00295705643900156,0.00003832240096819039,-8.196847992374922e-9,0.000038314204120198005
1.8269333000340118,0.0029459672691309674,0.00003479524838600325,-7.30922697377652e-9,0.00003478793915902947
1.8298735885066342,0.0029345561149169827,0.00003160888421295457,-6.520576893786578e-9,0.00003160236363606078
1.8328023053510756,0.002922824223560783,0.000028724328782673973,-5.819639713938385e-9,0.00002871850914296004
1.8357191304684057,0.0029107728773184113,0.00002610791169950995,-5.19645474471491e-9,0.00002610271524476523
1.8386237450594212,0.00289840339336172,0.00002373071877605536,-4.642208114290786e-9,0.00002372607656794107
1.8415158316594873,0.0028857171236337828,0.00002156800513358895,-4.149099715061142e-9,0.000021563856033873886
1.8443950741732376,0.002872715454701378,0.00001959859008538469,-3.710225612434228e-9,0.000019594879859772255
1.8472611579091203,0.0028593998076032767,0.00001780426187174994,-3.319474128549575e-9,0.000017800942397621388
1.8501137696137946,0.002845771637695107,0.000016169223879080053,-2.971434017020196e-9,0.000016166252445063034
1.8529525975063672,0.002831832434490273,0.000014679608730123362,-2.6613133258790755e-9,0.000014676947416797482
1.8557773313124697,0.0028175837214967857,0.000013323075810888253,-2.384867706880933e-9,0.000013320690943181372
1.8585876622981694,0.0028030270560510584,0.000012088495838084,-2.138337072261289e-9,0.000012086357501011739
1.861383283303714,0.002788164029148075,0.000010965716355858136,-1.918389626889908e-9,0.000010963797966231245
1.8641638887771026,0.0027729962652666995,9.945395929304776e-6,-1.7220724162178826e-9,9.943673856888559e-6
1.8669291748074819,0.002757525422192659,9.018892060372095e-6,-1.546767630069943e-9,9.017345292742024e-6
1.8696788391583616,0.0027417531908373485,8.178187700057618e-6,-1.3901539905930808e-9,8.176797546067026e-6
1.8724125813006496,0.002725681295052611,7.415842894300689e-6,-1.2501726308026648e-9,7.4145927216698865e-6
1.8751301024454967,0.0027093114914427557,6.724960879729843e-6,-1.1249969393060823e-9,6.723835882790536e-6
1.8778311055769554,0.00269264556917257,6.099161131613806e-6,-1.013005907940748e-9,6.098148125705865e-6
1.8805152954844409,0.002675685349771416,5.532554811624616e-6,-9.127605731456861e-10,5.531642051051471e-6
1.8831823787949977,0.002658432686934277,5.019720345684659e-6,-8.229831896957328e-10,5.018897362494964e-6
1.885832064005364,0.0026408894663195186,4.555678363922188e-6,-7.425388176837674e-10,4.554935825104505e-6
1.8884640615138322,0.0026230576053423737,4.135866060132688e-6,-6.70419040973808e-10,4.135195641091715e-6
1.8910780836519006,0.002604939052965148,3.7561113628442206e-6,-6.057275683335924e-10,3.7555056352758868e-6
1.8936738447157158,0.0025865357894851596,3.4126073316645754e-6,-5.476674975903204e-10,3.4120596641669846e-6
1.8962510609972982,0.0025678498263172873,3.1018870543368825e-6,-4.955300488834687e-10,3.1013915242879995e-6
1.898809450815551,0.0025488832057746127,2.8207991558970597e-6,-4.4868459580827007e-10,2.820350471301251e-6
1.901348734547047,0.0025296380008451615,2.5664839397706392e-6,-4.0656984330258403e-10,2.5660773699273366e-6
1.903868634656589,0.00251011631496544,2.3363501951497207e-6,-3.68686018837974e-10,2.3359815091308826e-6
1.906368875727546,0.0024903202817900777,2.128052789564487e-6,-3.3458795910686346e-10,2.12771820160538e-6
1.9088491844919535,0.0024702520649592472,1.93947124873706e-6,-3.038789881947157e-10,1.939167369748865e-6
1.9113092898603812,0.0024499138578617918,1.7686895506289308e-6,-2.7620549540289094e-10,1.7684133451335279e-6
1.9137489229515623,0.002429307883395334,1.6139773148222566e-6,-2.512521316348918e-10,1.613726062690622e-6
1.916167817121781,0.002408436393724081,1.473772479300828e-6,-2.287375527429207e-10,1.4735437417480852e-6
1.9185657079940166,0.0023873016700314987,1.3466654638371023e-6,-2.084106466017108e-10,1.3464570531905006e-6
1.9209423334868383,0.0023659060222722995,1.2313847494561453e-6,-1.9004718806311945e-10,1.2311947022680821e-6
1.9232974338430493,0.0023442517889190177,1.1267837637532298e-6,-1.7344687246365328e-10,1.126610316880766e-6
1.9256307516580788,0.002322341336706776,1.0318289466850173e-6,-1.5843068410993584e-10,1.0316705160009074e-6
1.9279420319081146,0.002300177060374436,9.455888733921377e-7,-1.4483856124445454e-10,9.454440348308932e-7
1.9302310219779761,0.0022777613824032012,8.672243246889113e-7,-1.325273234749428e-10,8.670917973654364e-7
1.9324974716887249,0.002255096752751277,7.95979217931883e-7,-1.2136883160603286e-10,7.958578491002769e-7
1.9347411333250086,0.002232185648586977,7.311723351605151e-7,-1.1124835330305221e-10,7.310610868072122e-7
1.9369617616621342,0.002209030574017029,6.721898045435519e-7,-1.020631110998219e-10,6.72087741432452e-7
1.9391591139928717,0.0021856340598135422,6.184782999801075e-7,-9.37209919831843e-11,6.183845789881243e-7
1.94133295015398,0.0021619986631368853,5.69538921535492e-7,-8.613940018941877e-11,5.694527821353025e-7
1.9434830325524572,0.002138126967256986,5.249217102636758e-7,-7.924423696900201e-11,5.248424660267068e-7
1.9456091261915078,0.002114021581269864,4.842207410447886e-7,-7.29689929496781e-11,4.84147772051839e-7
1.9477109986962269,0.002089685139813523,4.4706973138444467e-7,-6.725394038248956e-11,4.470024774440622e-7
1.9497884203389984,0.0020651203027794536,4.131381046396037e-7,-6.204541401716658e-11,4.130760592255865e-7
1.9518411640646038,0.0020403297550220184,3.8212745181180846e-7,-5.7295170644729e-11,3.820701566411637e-7
1.9538690055150383,0.0020153162060648658,3.5376834431408866e-7,-5.295981848632899e-11,3.537153844956023e-7
1.955871723054032,0.001990082389805112,3.278174585032326e-7,-4.900030861592077e-11,3.2776845819461667e-7
1.957849097791274,0.0019646310642143137,3.040549798202112e-7,-4.538148149587705e-11,3.0400959833871535e-7
1.9598009136063375,0.0019389650110370233,2.8228225971596e-7,-4.207166249285517e-11,2.822401880534672e-7
1.9617269571722997,0.0019130870354867773,2.623197024097759e-7,-3.9042300938225336e-11,2.622806601088377e-7
1.9636270179790583,0.0018869999659397582,2.440048613360834e-7,-3.62676479138216e-11,2.4396859368816965e-7
1.9655008883563394,0.001860706653625021,2.271907271725623e-7,-3.3724468489134936e-11,2.2715700270407317e-7
1.9673483634963957,0.001834209972313503,2.1174419076143018e-7,-3.139178461861903e-11,2.1171279897681157e-7
1.9691692414763904,0.0018075128180037895,1.9754466515233262e-7,-2.9250645334852625e-11,1.9751541450699776e-7
1.970963323280467,0.0017806181086053642,1.8448285157907748e-7,-2.7283921251370882e-11,1.8445556765782613e-7
1.9727304128215022,0.0017535287836198212,1.7245963466527836e-7,-2.5476120723750677e-11,1.724341585445546e-7
1.9744703169625357,0.0017262478038196027,1.6138509276834883e-7,-2.3813225314028072e-11,1.613612795430348e-7
1.9761828455378807,0.0016987781509244001,1.511776102707903e-7,-2.2282542466196647e-11,1.511553277283241e-7
1.9778678113739079,0.0016711228272753788,1.4176307984098404e-7,-2.0872573533304748e-11,1.4174220726745074e-7
1.979525030309503,0.0016432848555066968,1.33074184124802e-7,-1.9572895502986737e-11,1.33054611229299e-7
1.9811543212161955,0.001615267278215421,1.25049747839751e-7,-1.837405495119264e-11,1.2503137378479983e-7
1.9827555060179545,0.0015870731576290425,1.1763415266524368e-7,-1.7267472916123447e-11,1.1761688519232757e-7
1.9843284097106522,0.0015587055752704032,1.1077680853865058e-7,-1.624535952830224e-11,1.107605631791223e-7
1.9858728603811915,0.0015301676316214717,1.0443167592392421e-7,-1.5300637360439374e-11,1.0441637528656376e-7
1.9873886892262957,0.001501462445783873,9.855683432485685e-8,-1.4426872574125714e-11,9.854240745228272e-8
1.9888757305709575,0.0014725931551385165,9.311409281658576e-8,-1.361821304106401e-11,9.310047460354469e-8
1.990333821886547,0.0014435629150022122,8.806863873151936e-8,-1.2869332705968382e-11,8.805576939881339e-8
1.9917628038085762,0.0014143748982832149,8.338872092062024e-8,-1.2175381537718717e-11,8.337654553908252e-8
1.9931625201541159,0.0013850322951343052,7.904536426317127e-8,-1.1531940485977093e-11,7.90338323226853e-8
1.994532817938867,0.001355538312603833,7.5012112343699e-8,-1.0934980923259326e-11,7.500117736277575e-8
1.995873547393881,0.0013258961742857068,7.126479546309214e-8,-1.0380828108305902e-11,7.125441463498382e-8
1.9971845619819288,0.0012961091199668133,6.778132140066803e-8,-9.8661282562804e-12,6.777145527241175e-8
1.9984657184135175,0.0012661804052728218,6.454148658901281e-8,-9.387818845550177e-12,6.453209877016727e-8
1.999716876662551,0.0012361133013126945,6.152680559729721e-8,-8.943101830177167e-12,6.151786249546702e-8
2.000937899981635,0.0012059110943208082,5.872035703689787e-8,-8.529419462321622e-12,5.871182761743555e-8
2.0021286549170223,0.0011755770852979824,5.6106644203199955e-8,-8.144432460007322e-12,5.609849977073994e-8
2.0032890113232003,0.0011451145896509527,5.367146894914247e-8,-7.786000283553046e-12,5.366368294885893e-8
2.004418842377114,0.0011145269368295415,5.140181745004685e-8,-7.452163308813104e-12,5.139436528673804e-8
2.0055180245920297,0.0010838174699632247,4.928575666664098e-8,-7.141126707524565e-12,4.927861553993345e-8
2.0065864378310296,0.0010529895454955737,4.731234044510181e-8,-6.851245864834036e-12,4.730548919923698e-8
2.007623965320144,0.0010220465328175073,4.547152431033048e-8,-6.5810131817281464e-12,4.5464943297148755e-8
2.0086304936611157,0.0009909918138992257,4.3754088112523117e-8,-6.329046125858234e-12,4.374775906639726e-8
2.009605912843791,0.0009598287829206052,4.21515657784095e-8,-6.094076408341504e-12,4.214547170200116e-8
2.0105501162581487,0.0009285608459002357,4.065618149829681e-8,-5.874940176708321e-12,4.0650306558120096e-8
2.0114630007059495,0.0008971914203235376,3.926079174969036e-8,-5.670569125438365e-12,3.9255121180564924e-8
2.0123444664120176,0.0008657239347693651,3.795883261881937e-8,-5.4799824355966995e-12,3.795335263638377e-8
2.013194417035147,0.0008341618285356107,3.674427193446669e-8,-5.30227946411185e-12,3.6738969655002573e-8
2.0140127596786317,0.0008025085512637538,3.561156577510096e-8,-5.136633111313788e-12,3.5606429141989644e-8
2.0147994049004243,0.0007707675625622928,3.4555618951711495e-8,-4.982283802594755e-12,3.45506366679089e-8
2.0155542667229103,0.0007389423316294276,3.357174910580506e-8,-4.8385340265500475e-12,3.356691057177851e-8
2.016277262642311,0.0007070363368750402,3.265565409549155e-8,-4.704743377780863e-12,3.2650949352113766e-8
2.016968313637707,0.0006750530655417802,3.180338237307144e-8,-4.58032405777538e-12,3.179880204901367e-8
2.0176273441796777,0.0006429960133262426,3.101130608540196e-8,-4.464736791984225e-12,3.100684134860998e-8
2.01825428223857,0.000610868683999898,3.0276096653873215e-8,-4.357487125431842e-12,3.027173916674779e-8
2.0188490592923816,0.0005786745890305244,2.959470261430909e-8,-4.25812206301149e-12,2.9590444492246075e-8
2.0194116103342687,0.0005464172472053338,2.896432951862956e-8,-4.166227024036875e-12,2.8960163291605526e-8
2.019941873879678,0.0005141001842567022,2.8382421719835215e-8,-4.081423083713763e-12,2.8378340296751498e-8
2.020439791973108,0.00048172693249323316,2.7846645879904946e-8,-4.003364476984975e-12,2.784264251542796e-8
2.020905310194503,0.0004493010304402668,2.73548760566485e-8,-3.931736342724596e-12,2.7350944320305777e-8
2.021338377665297,0.0004168260224974717,2.6905180240531287e-8,-3.866252688539979e-12,2.690131398784275e-8
2.0217389470541303,0.000384305458628403,2.6495808226122122e-8,-3.806654558511401e-12,2.6492001571563612e-8
2.0221069745822806,0.00035174289411138285,2.6125180715204397e-8,-3.752708388079684e-12,2.612142800681632e-8
2.022442420028901,0.00031914188941391323,2.5791879559848542e-8,-3.704204532002098e-12,2.5788175355316542e-8
2.0227452467362474,0.0002865060103305756,2.549463906396257e-8,-3.660955952851943e-12,2.549097810800972e-8
2.0230154216153,0.00025383882872425815,2.5232338271057656e-8,-3.6227970589447234e-12,2.522871547399871e-8
2.0232529151527636,0.00022114392477175863,2.5003994174066394e-8,-3.589582681816376e-12,2.500040459138458e-8
2.023457701422033,0.00018842489339157437,2.480875578953157e-8,-3.561187184383956e-12,2.4805194602347183e-8
2.0236297581059284,0.00015568536403782706,2.464589904100381e-8,-3.5375036913462973e-12,2.464236153731246e-8
2.023769066558982,0.00012292907202107224,2.451482238477838e-8,-3.5184434317383208e-12,2.451130394134664e-8
2.023875612034666,0.00009016018962253036,2.44150430267652e-8,-3.503935171347068e-12,2.441153909159385e-8
2.023949384895326,0.00005738566339719469,2.434619294143897e-8,-3.4939246200151988e-12,2.4342699016818953e-8
2.0239903934655312,0.00002465333810609961,2.4308004754939892e-8,-3.488372368760327e-12,2.4304516382571132e-8