offset_nm,PL_mPa,PR_mPa,min_mPa
-120.00000000000001,2.0517763402804583,2.683743889532956,2.0517763402804583
-110.00000000000001,2.112818978373327,2.721111439798737,2.112818978373327
-100.00000000000003,2.1921335445206624,2.758892321208463,2.1921335445206624
-90.00000000000001,2.290756358921524,2.796852615060471,2.290756358921524
-80.00000000000001,2.40765094144414,2.834708570130128,2.40765094144414
-70.00000000000001,2.538275985873468,2.8721064225724584,2.538275985873468
-60.00000000000001,2.6734389567770074,2.908594844133915,2.6734389567770074
-50.000000000000014,2.8000109944316507,2.9435863721056155,2.8000109944316507
-40.000000000000014,2.905006146312944,2.9763023571075067,2.905006146312944
-30.000000000000018,2.9810891900794334,3.005693341644069,2.9810891900794334
-20.00000000000002,3.0283890300133094,3.0303234655958344,3.0283890300133094
-10.00000000000001,3.05163002098684,3.048204986551445,3.048204986551445
0.,3.056573755123807,3.056573755123807,3.056573755123807
9.999999999999984,3.048204986551445,3.05163002098684,3.048204986551445
19.999999999999993,3.0303234655958344,3.0283890300133094,3.0283890300133094
29.99999999999998,3.005693341644069,2.9810891900794334,2.9810891900794334
39.999999999999986,2.9763023571075067,2.905006146312944,2.905006146312944
50.,2.9435863721056155,2.8000109944316507,2.8000109944316507
59.99999999999998,2.908594844133915,2.6734389567770074,2.6734389567770074
69.99999999999999,2.8721064225724584,2.538275985873468,2.538275985873468
79.99999999999997,2.834708570130128,2.40765094144414,2.40765094144414
89.99999999999999,2.796852615060471,2.290756358921524,2.290756358921524
100.,2.7588923212084637,2.1921335445206624,2.1921335445206624
109.99999999999999,2.721111439798737,2.112818978373327,2.112818978373327
120.00000000000001,2.683743889532956,2.0517763402804583,2.0517763402804583