b_um,emissionLeakage,equilibriumIndicator,,,,,Preparing the data for copy and past into the Mathematica notebook,,,,,,,This is the formula add the sign = in front,,,
0.1,0.9216000138301181,0.823974609,,,,,"{0.0999999999999999,0.9216000138301181,0.823974609375},",,,,,,,"""{""&A2&"",""&B2&"",""&C2&""},""",,,
2,0.21358589665451883,0.078717201,,,,,"{2,0.21358589665451883,0.0787172011661807},",,,,,,,,,,
2.25,0.17814296772705696,0.064,,,,,"{2.25,0.17814296772705696,0.064},",,,,,,,,,,
2.5,0.1489030997694131,0.052734375,,,,,"{2.5,0.1489030997694131,0.052734375},",,,,,,,,,,
2.75,0.12471888491788437,0.043964991,,,,,"{2.75,0.12471888491788437,0.0439649908406269},",,,,,,,,,,
3,0.10466724480308404,0.037037037037037035,,,,,"{3,0.10466724480308404,0.037037037037037035},",,,,,,,,,,
3.25,0.088003159,0.031491471059921276,,,,,"{3.25,0.0880031593554244,0.031491471059921276},",,,,,,,,,,
3.5,0.074123432,0.027,,,,,"{3.5,0.0741234320797636,0.027},",,,,,,,,,,
3.7499999999999996,0.062538212,0.023323615160349864,,,,,"{3.7499999999999996,0.0625382117415446,0.023323615160349864},",,,,,,,,,,
4,0.052848531,0.0202855,,,,,"{4,0.052848530602408,0.0202854996243426},",,,,,,,,,,
4.25,0.044728527,0.017752938275663682,,,,,"{4.25,0.0447285266141858,0.017752938275663682},",,,,,,,,,,
4.499999999999999,0.037911325,0.015625000000000007,,,,,"{4.499999999999999,0.0379113251697369,0.015625000000000007},",,,,,,,,,,
4.75,0.03217779,0.013824000000000006,,,,,"{4.75,0.0321777900746392,0.013824000000000006},",,,,,,,,,,
5,0.027347532,0.012289486,,,,,"{5,0.0273475318157128,0.0122894856622667},",,,,,,,,,,
5.25,0.023271697678975408,0.010973936899862825,,,,,"{5.25,0.023271697678975408,0.010973936899862825},",,,,,,,,,,
5.5,0.019827173,0.00983965,,,,,"{5.5,0.0198271730356432,0.00983965014577259},",,,,,,,,,,
5.749999999999999,0.016911904,0.008856452,,,,,"{5.749999999999999,0.0169119038177479,0.00885645167903563},",,,,,,,,,,
6,0.014441112584690545,0.008,,,,,"{6,0.014441112584690545,0.008},",,,,,,,,,,
6.249999999999999,0.012344229,0.007250512,,,,,"{6.249999999999999,0.0123442289614503,0.00725051189956698},",,,,,,,,,,
6.500000000000001,0.010562392874950073,0.006591797,,,,,"{6.500000000000001,0.010562392874950073,0.006591796875},",,,,,,,,,,
6.75,0.009046418,0.006010518,,,,,"{6.75,0.00904641840427114,0.00601051840721262},",,,,,,,,,,
6.999999999999999,0.007755129,0.005495624,,,,,"{6.999999999999999,0.00775512907744091,0.00549562385507836},",,,,,,,,,,
7.25,0.006653994,0.005037901,,,,,"{7.25,0.00665399353075072,0.00503790087463556},",,,,,,,,,,
7.499999999999999,0.005714005,0.00462963,,,,,"{7.499999999999999,0.00571400469747258,0.00462962962962963},",,,,,,,,,,
7.75,0.004910757,0.004264308,,,,,"{7.75,0.00491075695760548,0.00426430813574714},",,,,,,,,,,
8,0.004223685,0.003936434,,,,,"{8,0.00422368461103728,0.00393643388249015},",,,,,,,,,,
8.249999999999998,0.003635432,0.003641329,,,,,"{8.249999999999998,0.00363543213741535,0.00364132908511606},",,,,,,,,,,
8.5,0.003131332,0.003375,,,,,"{8.5,0.00313133236804613,0.003375},",,,,,,,,,,
8.75,0.002698973,0.003134023,,,,,"{8.75,0.00269897322239701,0.00313402301185415},",,,,,,,,,,
9,0.002327837,0.002915452,,,,,"{9,0.00232783729151174,0.00291545189504373},",,,,,,,,,,
9.25,0.002009001,0.002716742,,,,,"{9.25,0.00200900146851595,0.00271674192209491},",,,,,,,,,,
9.499999999999998,0.001734886,0.002535687,,,,,"{9.499999999999998,0.00173488617806455,0.00253568745304282},",,,,,,,,,,
9.75,0.001499046,0.00237037,,,,,"{9.75,0.00149904565671598,0.00237037037037037},",,,,,,,,,,
10,0.001295992,0.002219117,,,,,"{10,0.00129599227528438,0.00221911728445796},",,,,,,,,,,
10.249999999999998,0.001121049,0.002080464,,,,,"{10.249999999999998,0.00112104914381947,0.00208046386638798},",,,,,,,,,,
10.5,0.000970226,0.001953125,,,,,"{10.5,0.000970226256804353,0.001953125},",,,,,,,,,,
10.749999999999998,0.000840116,0.00183597,,,,,"{10.749999999999998,0.0008401162656424,0.00183596970649984},",,,,,,,,,,
11,0.000727807,0.001728,,,,,"{11,0.000727806643575798,0.001728},",,,,,,,,,,
11.249999999999998,0.000630806,0.001628333,,,,,"{11.249999999999998,0.000630805563669484,0.00162833299409729},",,,,,,,,,,
11.499999999999998,0.000546979,0.001536186,,,,,"{11.499999999999998,0.000546979266515013,0.00153618570778334},",,,,,,,,,,
11.75,0.000474499,0.001450862,,,,,"{11.75,0.000474499069431467,0.00145086212107981},",,,,,,,,,,
11.999999999999998,0.000411796,0.001371742,,,,,"{11.999999999999998,0.000411796478124169,0.00137174211248285},",,,,,,,,,,
12.25,0.000357525,0.001298272,,,,,"{12.25,0.000357525117085591,0.00129827197595792},",,,,,,,,,,
12.499999999999998,0.000310528,0.001229956,,,,,"{12.499999999999998,0.000310528406260389,0.00122995626822157},",,,,,,,,,,
12.749999999999998,0.000269812,0.001166351,,,,,"{12.749999999999998,0.000269812086575409,0.00116635077999708},",,,,,,,,,,
13,0.000234521,0.001107056,,,,,"{13,0.000234520842299063,0.00110705645987945},",,,,,,,,,,
13.249999999999998,0.000203918,0.001051714,,,,,"{13.249999999999998,0.000203918389090815,0.00105171414798981},",,,,,,,,,,
13.5,0.00017737,0.001,,,,,"{13.5,0.000177370497314319,0.001},",,,,,,,,,,
13.749999999999998,0.000154331,0.000951622,,,,,"{13.749999999999998,0.000154330504220433,0.000951621501359144},",,,,,,,,,,
14,0.000134327,0.000906314,,,,,"{14,0.000134326938829806,0.000906313987445873},",,,,,,,,,,
14.249999999999998,0.000116953,0.000863838,,,,,"{14.249999999999998,0.000116952942116201,0.000863837598531476},",,,,,,,,,,
14.499999999999998,0.000101857,0.000823975,,,,,"{14.499999999999998,0.00010185721435015,0.000823974609375},",,,,,,,,,,
14.75,8.87363E-05,0.000786527,,,,,"{14.75,8.87362628057913E-05,0.00078652708238507},",,,,,,,,,,
14.999999999999998,7.73278E-05,0.000751315,,,,,"{14.999999999999998,7.73277577809508E-05,0.000751314800901578},",,,,,,,,,,
15.25,6.74048E-05,0.000718173,,,,,"{15.25,6.74048341226301E-05,0.000718173445536851},",,,,,,,,,,
15.5,5.87712E-05,0.000686953,,,,,"{15.5,5.87712000905678E-05,0.000686952981884795},",,,,,,,,,,
15.75,5.12569E-05,0.000657516,,,,,"{15.75,5.12569361804177E-05,0.000657516232431988},",,,,,,,,,,
16,4.47149E-05,0.000629738,,,,,"{16,4.47148840882959E-05,0.000629737609329446},",,,,,,,,,,
