gap_um,eta,P_mPa,,,,Preparing the data for copy and past into the Mathematica notebook,,,,,,,,This is the formula add the sign = in front,,,
0.6,0,-4.763823717,,,,"{0.6,0,-4.76382371702811},",,,,,,,,"""{""&A2&"",""&B2&"",""&C2&""},""",,,
0.6,0.9,-4.521886635,,,,"{0.6,0.9,-4.52188663495621},",,,,,,,,,,,
0.6,0.925,-3.799178818,,,,"{0.6,0.925,-3.79917881762499},",,,,,,,,,,,
0.6,0.94,-2.536674288,,,,"{0.6,0.94,-2.53667428785855},",,,,,,,,,,,
0.6,0.945,-1.812876235,,,,"{0.6,0.945,-1.81287623493988},",,,,,,,,,,,
0.62,0,-4.179449062,,,,"{0.62,0,-4.17944906195867},",,,,,,,,,,,
0.62,0.9,-3.954062928,,,,"{0.62,0.9,-3.95406292752071},",,,,,,,,,,,
0.62,0.925,-3.280796467,,,,"{0.62,0.925,-3.28079646690995},",,,,,,,,,,,
0.62,0.94,-2.104664387,,,,"{0.62,0.94,-2.10466438693074},",,,,,,,,,,,
0.62,0.945,-1.430385599,,,,"{0.62,0.945,-1.43038559899524},",,,,,,,,,,,
0.64,0,-3.681920701,,,,"{0.64,0,-3.68192070109088},",,,,,,,,,,,
0.64,0.9,-3.471312506,,,,"{0.64,0.9,-3.47131250640478},",,,,,,,,,,,
0.64,0.925,-2.842192686,,,,"{0.64,0.925,-2.84219268626758},",,,,,,,,,,,
0.64,0.94,-1.743189272,,,,"{0.64,0.94,-1.74318927165548},",,,,,,,,,,,
0.64,0.945,-1.113133453,,,,"{0.64,0.945,-1.11313345344751},",,,,,,,,,,,
0.66,0,-3.256203433,,,,"{0.66,0,-3.25620343334216},",,,,,,,,,,,
0.66,0.9,-3.058620495,,,,"{0.66,0.9,-3.05862049497112},",,,,,,,,,,,
0.66,0.925,-2.468413257,,,,"{0.66,0.925,-2.46841325729185},",,,,,,,,,,,
0.66,0.94,-1.43740049,,,,"{0.66,0.94,-1.4374004897295},",,,,,,,,,,,
0.66,0.945,-0.846331866,,,,"{0.66,0.945,-0.846331866435401},",,,,,,,,,,,
0.6799999999999999,0,-2.890212954,,,,"{0.6799999999999999,0,-2.89021295390896},",,,,,,,,,,,
0.6799999999999999,0.9,-2.703917803,,,,"{0.6799999999999999,0.9,-2.70391780346534},",,,,,,,,,,,
0.6799999999999999,0.925,-2.147434802,,,,"{0.6799999999999999,0.925,-2.14743480163656},",,,,,,,,,,,
0.6799999999999999,0.94,-1.175355448,,,,"{0.6799999999999999,0.94,-1.17535544776944},",,,,,,,,,,,
0.6799999999999999,0.945,-0.618085087,,,,"{0.6799999999999999,0.945,-0.618085087151731},",,,,,,,,,,,
0.7,0,-2.574172167,,,,"{0.7,0,-2.57417216702979},",,,,,,,,,,,
0.7,0.9,-2.397398732,,,,"{0.7,0.9,-2.39739873157358},",,,,,,,,,,,
0.7,0.925,-1.869366847,,,,"{0.7,0.925,-1.86936684690997},",,,,,,,,,,,
0.7,0.94,-0.947017992,,,,"{0.7,0.94,-0.94701799192992},",,,,,,,,,,,
0.7,0.945,-0.418274811,,,,"{0.7,0.945,-0.418274810777587},",,,,,,,,,,,
0.72,0,-2.300121227,,,,"{0.72,0,-2.30012122730131},",,,,,,,,,,,
0.72,0.9,-2.130984989,,,,"{0.72,0.9,-2.13098498853185},",,,,,,,,,,,
0.72,0.925,-1.625778644,,,,"{0.72,0.925,-1.62577864427042},",,,,,,,,,,,
0.72,0.94,-0.743346511,,,,"{0.72,0.94,-0.74334651089213},",,,,,,,,,,,
0.72,0.945,-0.237511974,,,,"{0.72,0.945,-0.23751197409886},",,,,,,,,,,,
0.74,0,-2.061541581,,,,"{0.74,0,-2.06154158068935},",,,,,,,,,,,
0.74,0.9,-1.897876404,,,,"{0.74,0.9,-1.89787640417356},",,,,,,,,,,,
0.74,0.925,-1.409031404,,,,"{0.74,0.925,-1.40903140391059},",,,,,,,,,,,
0.74,0.94,-0.555246562,,,,"{0.74,0.94,-0.555246561653595},",,,,,,,,,,,
0.74,0.945,-0.065872913,,,,"{0.74,0.945,-0.0658729134495484},",,,,,,,,,,,
0.7599999999999999,0,-1.853065283,,,,"{0.7599999999999999,0,-1.85306528315239},",,,,,,,,,,,
0.7599999999999999,0.9,-1.692129211,,,,"{0.7599999999999999,0.9,-1.69212921139866},",,,,,,,,,,,
0.7599999999999999,0.925,-1.211466182,,,,"{0.7599999999999999,0.925,-1.21146618194304},",,,,,,,,,,,
0.7599999999999999,0.94,-0.372080458,,,,"{0.7599999999999999,0.94,-0.372080457935064},",,,,,,,,,,,
0.7599999999999999,0.945,0.1089778189554871,,,,"{0.7599999999999999,0.945,0.1089778189554871},",,,,,,,,,,,
0.7799999999999999,0,-1.670248637,,,,"{0.7799999999999999,0,-1.67024863746561},",,,,,,,,,,,
0.7799999999999999,0.9,-1.508203089,,,,"{0.7799999999999999,0.9,-1.50820308901671},",,,,,,,,,,,
0.7799999999999999,0.925,-1.024275288,,,,"{0.7799999999999999,0.925,-1.02427528820119},",,,,,,,,,,,
0.7799999999999999,0.94,-0.179362857,,,,"{0.7799999999999999,0.94,-0.179362857219989},",,,,,,,,,,,
0.7799999999999999,0.945,0.3047634213619409,,,,"{0.7799999999999999,0.945,0.3047634213619409},",,,,,,,,,,,
0.7999999999999999,0,-1.509394718,,,,"{0.7999999999999999,0,-1.50939471817148},",,,,,,,,,,,
0.7999999999999999,0.9,-1.340471991,,,,"{0.7999999999999999,0.9,-1.34047199114845},",,,,,,,,,,,
0.7999999999999999,0.925,-0.836081018,,,,"{0.7999999999999999,0.925,-0.836081017913565},",,,,,,,,,,,
0.7999999999999999,0.94,0.044292298,,,,"{0.7999999999999999,0.94,0.0442922983381944},",,,,,,,,,,,
0.7999999999999999,0.945,0.5485853335298129,,,,"{0.7999999999999999,0.945,0.5485853335298129},",,,,,,,,,,,
0.82,0,-1.36741333,,,,"{0.82,0,-1.3674133302191},",,,,,,,,,,,
0.82,0.9,-1.182995295,,,,"{0.82,0.9,-1.18299529465777},",,,,,,,,,,,
0.82,0.925,-0.632429355,,,,"{0.82,0.925,-0.632429354555109},",,,,,,,,,,,
0.82,0.94,0.3282059055213263,,,,"{0.82,0.94,0.3282059055213263},",,,,,,,,,,,
0.82,0.945,0.878284357,,,,"{0.82,0.945,0.878284357121624},",,,,,,,,,,,
0.84,0,-1.241709831,,,,"{0.84,0,-1.24170983082885},",,,,,,,,,,,
0.84,0.9,-1.030822811,,,,"{0.84,0.9,-1.03082281123486},",,,,,,,,,,,
0.84,0.925,-0.401290191,,,,"{0.84,0.925,-0.401290190681707},",,,,,,,,,,,
0.84,0.94,0.6969307300985923,,,,"{0.84,0.94,0.6969307300985923},",,,,,,,,,,,
0.84,0.945,1.3256800964537916,,,,"{0.84,0.945,1.3256800964537916},",,,,,,,,,,,
0.86,0,-1.130096354,,,,"{0.86,0,-1.13009635384067},",,,,,,,,,,,
0.86,0.9,-0.885128504,,,,"{0.86,0.9,-0.885128504082046},",,,,,,,,,,,
0.86,0.925,-0.153780625,,,,"{0.86,0.925,-0.153780625398432},",,,,,,,,,,,
0.86,0.94,1.1223356503200679,,,,"{0.86,0.94,1.1223356503200679},",,,,,,,,,,,
0.86,0.945,1.853090569535539,,,,"{0.86,0.945,1.853090569535539},",,,,,,,,,,,
0.88,0,-1.030720531,,,,"{0.88,0,-1.03072053148631},",,,,,,,,,,,
0.88,0.9,-0.757287414,,,,"{0.88,0.9,-0.757287413792817},",,,,,,,,,,,
0.88,0.925,0.059220179903472295,,,,"{0.88,0.925,0.059220179903472295},",,,,,,,,,,,
0.88,0.94,1.4845642761748234,,,,"{0.88,0.94,1.4845642761748234},",,,,,,,,,,,
0.88,0.945,2.301135125218522,,,,"{0.88,0.945,2.301135125218522},",,,,,,,,,,,
0.8999999999999999,0,-0.942007964,,,,"{0.8999999999999999,0,-0.942007964386398},",,,,,,,,,,,
0.8999999999999999,0.9,-0.65546592,,,,"{0.8999999999999999,0.9,-0.655465920046652},",,,,,,,,,,,
0.8999999999999999,0.925,0.20032438588023901,,,,"{0.8999999999999999,0.925,0.20032438588023901},",,,,,,,,,,,
0.8999999999999999,0.94,1.694736819827675,,,,"{0.8999999999999999,0.94,1.694736819827675},",,,,,,,,,,,
0.8999999999999999,0.945,2.5511592988192278,,,,"{0.8999999999999999,0.945,2.5511592988192278},",,,,,,,,,,,
0.9199999999999999,0,-0.862615556,,,,"{0.9199999999999999,0,-0.8626155555797},",,,,,,,,,,,
0.9199999999999999,0.9,-0.575144164,,,,"{0.9199999999999999,0.9,-0.575144164456426},",,,,,,,,,,,
0.9199999999999999,0.925,0.2834959135829221,,,,"{0.9199999999999999,0.925,0.2834959135829221},",,,,,,,,,,,
0.9199999999999999,0.94,1.7831509443517954,,,,"{0.9199999999999999,0.94,1.7831509443517954},",,,,,,,,,,,
0.9199999999999999,0.945,2.6427302905066656,,,,"{0.9199999999999999,0.945,2.6427302905066656},",,,,,,,,,,,
0.94,0,-0.791393476,,,,"{0.94,0,-0.791393476189975},",,,,,,,,,,,
0.94,0.9,-0.509473224,,,,"{0.94,0.9,-0.509473223654812},",,,,,,,,,,,
0.94,0.925,0.33262450187823106,,,,"{0.94,0.925,0.33262450187823106},",,,,,,,,,,,
0.94,0.94,1.8035245839636067,,,,"{0.94,0.94,1.8035245839636067},",,,,,,,,,,,
0.94,0.945,2.646700484752572,,,,"{0.94,0.945,2.646700484752572},",,,,,,,,,,,
0.96,0,-0.727354025,,,,"{0.96,0,-0.727354024702527},",,,,,,,,,,,
0.96,0.9,-0.454036753,,,,"{0.96,0.9,-0.454036753238972},",,,,,,,,,,,
0.96,0.925,0.3623843484399703,,,,"{0.96,0.925,0.3623843484399703},",,,,,,,,,,,
0.96,0.94,1.7885085389074775,,,,"{0.96,0.94,1.7885085389074775},",,,,,,,,,,,
0.96,0.945,2.606059386160876,,,,"{0.96,0.945,2.606059386160876},",,,,,,,,,,,
0.98,0,-0.669646019,,,,"{0.98,0,-0.669646019132347},",,,,,,,,,,,
0.98,0.9,-0.406232619,,,,"{0.98,0.9,-0.406232619449355},",,,,,,,,,,,
0.98,0.925,0.38061626289438655,,,,"{0.98,0.925,0.38061626289438655},",,,,,,,,,,,
0.98,0.94,1.7551248267565567,,,,"{0.98,0.94,1.7551248267565567},",,,,,,,,,,,
0.98,0.945,2.543109642,,,,"{0.98,0.945,2.54310964169946},",,,,,,,,,,,
1,0,-0.617533651,,,,"{1,0,-0.61753365106014},",,,,,,,,,,,
1,0.9,-0.364431223,,,,"{1,0.9,-0.364431222595616},",,,,,,,,,,,
1,0.925,0.3916236808918538,,,,"{1,0.925,0.3916236808918538},",,,,,,,,,,,
1,0.94,1.7123619241736274,,,,"{1,0.94,1.7123619241736274},",,,,,,,,,,,
1,0.945,2.4695337447498606,,,,"{1,0.945,2.4695337447498606},",,,,,,,,,,,
1.02,0,-0.570378954,,,,"{1.02,0,-0.570378954210717},",,,,,,,,,,,
1.02,0.9,-0.327504655,,,,"{1.02,0.9,-0.327504655271132},",,,,,,,,,,,
1.02,0.925,0.3980003393744776,,,,"{1.02,0.925,0.3980003393744776},",,,,,,,,,,,
1.02,0.94,1.6653824736092597,,,,"{1.02,0.94,1.6653824736092597},",,,,,,,,,,,
1.02,0.945,2.3919718232507288,,,,"{1.02,0.945,2.3919718232507288},",,,,,,,,,,,
1.04,0,-0.527627214,,,,"{1.04,0,-0.527627213932356},",,,,,,,,,,,
1.04,0.9,-0.29461205,,,,"{1.04,0.9,-0.294612049605125},",,,,,,,,,,,
1.04,0.925,0.40144301027319473,,,,"{1.04,0.925,0.40144301027319473},",,,,,,,,,,,
1.04,0.94,1.617382424474698,,,,"{1.04,0.94,1.617382424474698},",,,,,,,,,,,
1.04,0.945,2.3144815872707882,,,,"{1.04,0.945,2.3144815872707882},",,,,,,,,,,,
1.06,0,-0.488794779,,,,"{1.06,0,-0.488794779496587},",,,,,,,,,,,
1.06,0.9,-0.265129912,,,,"{1.06,0.9,-0.265129911803197},",,,,,,,,,,,
1.06,0.925,0.4029929006467471,,,,"{1.06,0.925,0.4029929006467471},",,,,,,,,,,,
1.06,0.94,1.5701326108878162,,,,"{1.06,0.94,1.5701326108878162},",,,,,,,,,,,
1.06,0.945,2.2392521226693747,,,,"{1.06,0.945,2.2392521226693747},",,,,,,,,,,,
1.08,0,-0.453458847,,,,"{1.08,0,-0.453458847476918},",,,,,,,,,,,
1.08,0.9,-0.238492286,,,,"{1.08,0.9,-0.238492286476354},",,,,,,,,,,,
1.08,0.925,0.4036444851405386,,,,"{1.08,0.925,0.4036444851405386},",,,,,,,,,,,
1.08,0.94,1.525379352660441,,,,"{1.08,0.94,1.525379352660441},",,,,,,,,,,,
1.08,0.945,2.1684626737431287,,,,"{1.08,0.945,2.1684626737431287},",,,,,,,,,,,
1.1,0,-0.421248868,,,,"{1.1,0,-0.421248868284995},",,,,,,,,,,,
1.1,0.9,-0.214245613,,,,"{1.1,0.9,-0.214245612763868},",,,,,,,,,,,
1.1,0.925,0.40409821532606804,,,,"{1.1,0.925,0.40409821532606804},",,,,,,,,,,,
1.1,0.94,1.4842504929975726,,,,"{1.1,0.94,1.4842504929975726},",,,,,,,,,,,
1.1,0.945,2.103483850324948,,,,"{1.1,0.945,2.103483850324948},",,,,,,,,,,,
1.1199999999999999,0,-0.391839294,,,,"{1.1199999999999999,0,-0.391839294319812},",,,,,,,,,,,
1.1199999999999999,0.9,-0.191963945,,,,"{1.1199999999999999,0.9,-0.191963944730699},",,,,,,,,,,,
1.1199999999999999,0.925,0.40507969888851764,,,,"{1.1199999999999999,0.925,0.40507969888851764},",,,,,,,,,,,
1.1199999999999999,0.94,1.4479943152088455,,,,"{1.1199999999999999,0.94,1.4479943152088455},",,,,,,,,,,,
1.1199999999999999,0.945,2.045863178155002,,,,"{1.1199999999999999,0.945,2.045863178155002},",,,,,,,,,,,
1.1400000000000001,0,-0.364943441,,,,"{1.1400000000000001,0,-0.364943440984571},",,,,,,,,,,,
1.1400000000000001,0.9,-0.171164892,,,,"{1.1400000000000001,0.9,-0.171164891650795},",,,,,,,,,,,
1.1400000000000001,0.925,0.40765451332197095,,,,"{1.1400000000000001,0.925,0.40765451332197095},",,,,,,,,,,,
1.1400000000000001,0.94,1.4186900486456502,,,,"{1.1400000000000001,0.94,1.4186900486456502},",,,,,,,,,,,
1.1400000000000001,0.945,1.9982580689401723,,,,"{1.1400000000000001,0.945,1.9982580689401723},",,,,,,,,,,,
1.16,0,-0.340308274,,,,"{1.16,0,-0.34030827400512},",,,,,,,,,,,
1.16,0.9,-0.15141705,,,,"{1.16,0.9,-0.151417050217995},",,,,,,,,,,,
1.16,0.925,0.4127839153090451,,,,"{1.16,0.925,0.4127839153090451},",,,,,,,,,,,
1.16,0.94,1.3982140182294636,,,,"{1.16,0.94,1.3982140182294636},",,,,,,,,,,,
1.16,0.945,1.9630635022690792,,,,"{1.16,0.945,1.9630635022690792},",,,,,,,,,,,
1.1800000000000002,0,-0.31770997,,,,"{1.1800000000000002,0,-0.317709970318985},",,,,,,,,,,,
1.1800000000000002,0.9,-0.132003868,,,,"{1.1800000000000002,0.9,-0.132003867512464},",,,,,,,,,,,
1.1800000000000002,0.925,0.42265335170909546,,,,"{1.1800000000000002,0.925,0.42265335170909546},",,,,,,,,,,,
1.1800000000000002,0.94,1.3913070403739838,,,,"{1.1800000000000002,0.94,1.3913070403739838},",,,,,,,,,,,
1.1800000000000002,0.945,1.9464792134529136,,,,"{1.1800000000000002,0.945,1.9464792134529136},",,,,,,,,,,,
1.2,0,-0.296950127,,,,"{1.2,0,-0.296950127054181},",,,,,,,,,,,
1.2,0.9,-0.112194315,,,,"{1.2,0.9,-0.112194315137572},",,,,,,,,,,,
1.2,0.925,0.4395781715547566,,,,"{1.2,0.925,0.4395781715547566},",,,,,,,,,,,
1.2,0.94,1.4030281136551286,,,,"{1.2,0.94,1.4030281136551286},",,,,,,,,,,,
1.2,0.945,1.955123481,,,,"{1.2,0.945,1.95512348143271},",,,,,,,,,,,
1.22,0,-0.277852515,,,,"{1.22,0,-0.277852515148117},",,,,,,,,,,,
1.22,0.9,-0.09069724,,,,"{1.22,0.9,-0.0906972398013521},",,,,,,,,,,,
1.22,0.925,0.46817587972008684,,,,"{1.22,0.925,0.46817587972008684},",,,,,,,,,,,
1.22,0.94,1.4437906611079487,,,,"{1.22,0.94,1.4437906611079487},",,,,,,,,,,,
1.22,0.945,2.002723921663967,,,,"{1.22,0.945,2.002723921663967},",,,,,,,,,,,
1.24,0,-0.260260292,,,,"{1.24,0,-0.260260292034964},",,,,,,,,,,,
1.24,0.9,-0.06614131,,,,"{1.24,0.9,-0.0661413102529},",,,,,,,,,,,
1.24,0.925,0.5134457870853033,,,,"{1.24,0.925,0.5134457870853033},",,,,,,,,,,,
1.24,0.94,1.524931744099561,,,,"{1.24,0.94,1.524931744099561},",,,,,,,,,,,
1.24,0.945,2.104250825236712,,,,"{1.24,0.945,2.104250825236712},",,,,,,,,,,,
1.26,0,-0.244033602,,,,"{1.26,0,-0.244033602389594},",,,,,,,,,,,
1.26,0.9,-0.036939565,,,,"{1.26,0.9,-0.036939564537981},",,,,,,,,,,,
1.26,0.925,0.5813197879154501,,,,"{1.26,0.925,0.5813197879154501},",,,,,,,,,,,
1.26,0.94,1.6600519613252727,,,,"{1.26,0.94,1.6600519613252727},",,,,,,,,,,,
1.26,0.945,2.277745471696761,,,,"{1.26,0.945,2.277745471696761},",,,,,,,,,,,
1.28,0,-0.229047508,,,,"{1.28,0,-0.229047507814837},",,,,,,,,,,,
1.28,0.9,-0.003134052,,,,"{1.28,0.9,-0.00313405198538632},",,,,,,,,,,,
1.28,0.925,0.671313549,,,,"{1.28,0.925,0.67131354868843},",,,,,,,,,,,
1.28,0.94,1.8480968526604593,,,,"{1.28,0.94,1.8480968526604593},",,,,,,,,,,,
1.28,0.945,2.521942173250289,,,,"{1.28,0.945,2.521942173250289},",,,,,,,,,,,
1.2999999999999998,0,-0.215190196,,,,"{1.2999999999999998,0,-0.215190196115121},",,,,,,,,,,,
1.2999999999999998,0.9,0.031100008437954196,,,,"{1.2999999999999998,0.9,0.031100008437954196},",,,,,,,,,,,
1.2999999999999998,0.925,0.7664884419131823,,,,"{1.2999999999999998,0.925,0.7664884419131823},",,,,,,,,,,,
1.2999999999999998,0.94,2.0499859352157066,,,,"{1.2999999999999998,0.94,2.0499859352157066},",,,,,,,,,,,
1.2999999999999998,0.945,2.7851559554271703,,,,"{1.2999999999999998,0.945,2.7851559554271703},",,,,,,,,,,,
1.32,0,-0.202361429,,,,"{1.32,0,-0.202361428825416},",,,,,,,,,,,
1.32,0.9,0.058236888,,,,"{1.32,0.9,0.0582368880380488},",,,,,,,,,,,
1.32,0.925,0.8364887028461173,,,,"{1.32,0.925,0.8364887028461173},",,,,,,,,,,,
1.32,0.94,2.195304060453915,,,,"{1.32,0.94,2.195304060453915},",,,,,,,,,,,
1.32,0.945,2.9739052714394343,,,,"{1.32,0.945,2.9739052714394343},",,,,,,,,,,,
1.3399999999999999,0,-0.190471192,,,,"{1.3399999999999999,0,-0.190471192287237},",,,,,,,,,,,
1.3399999999999999,0.9,0.075254626,,,,"{1.3399999999999999,0.9,0.0752546263372233},",,,,,,,,,,,
1.3399999999999999,0.925,0.8689106241219019,,,,"{1.3399999999999999,0.925,0.8689106241219019},",,,,,,,,,,,
1.3399999999999999,0.94,2.2549496965567104,,,,"{1.3399999999999999,0.94,2.2549496965567104},",,,,,,,,,,,
1.3399999999999999,0.945,3.0493382095745307,,,,"{1.3399999999999999,0.945,3.0493382095745307},",,,,,,,,,,,
1.36,0,-0.179438523,,,,"{1.36,0,-0.179438523045308},",,,,,,,,,,,
1.36,0.9,0.085401245,,,,"{1.36,0.9,0.085401244998512},",,,,,,,,,,,
1.36,0.925,0.8764613402010775,,,,"{1.36,0.925,0.8764613402010775},",,,,,,,,,,,
1.36,0.94,2.258148315045581,,,,"{1.36,0.94,2.258148315045581},",,,,,,,,,,,
1.36,0.945,3.050146400423889,,,,"{1.36,0.945,3.050146400423889},",,,,,,,,,,,
1.38,0,-0.169190483,,,,"{1.38,0,-0.169190482889239},",,,,,,,,,,,
1.38,0.9,0.091418305,,,,"{1.38,0.9,0.0914183052603826},",,,,,,,,,,,
1.38,0.925,0.8698683260158846,,,,"{1.38,0.925,0.8698683260158846},",,,,,,,,,,,
1.38,0.94,2.2296294192854518,,,,"{1.38,0.94,2.2296294192854518},",,,,,,,,,,,
1.38,0.945,3.0091162517938064,,,,"{1.38,0.945,3.0091162517938064},",,,,,,,,,,,
1.4,0,-0.159661263,,,,"{1.4,0,-0.159661262653044},",,,,,,,,,,,
1.4,0.9,0.095066803,,,,"{1.4,0.9,0.0950668032374393},",,,,,,,,,,,
1.4,0.925,0.8559636345289561,,,,"{1.4,0.925,0.8559636345289561},",,,,,,,,,,,
1.4,0.94,2.185109488032918,,,,"{1.4,0.94,2.185109488032918},",,,,,,,,,,,
1.4,0.945,2.9470722905682103,,,,"{1.4,0.945,2.9470722905682103},",,,,,,,,,,,
1.42,0,-0.150791397,,,,"{1.42,0,-0.150791397048114},",,,,,,,,,,,
1.42,0.9,0.097490202,,,,"{1.42,0.9,0.0974902017982706},",,,,,,,,,,,
1.42,0.925,0.8391413449492203,,,,"{1.42,0.925,0.8391413449492203},",,,,,,,,,,,
1.42,0.94,2.134706333131382,,,,"{1.42,0.94,2.134706333131382},",,,,,,,,,,,
1.42,0.945,2.8774398031480817,,,,"{1.42,0.945,2.8774398031480817},",,,,,,,,,,,
1.44,0,-0.142527075,,,,"{1.44,0,-0.142527075452671},",,,,,,,,,,,
1.44,0.9,0.09881973,,,,"{1.44,0.9,0.0988197303348483},",,,,,,,,,,,
1.44,0.925,0.8197595616505614,,,,"{1.44,0.925,0.8197595616505614},",,,,,,,,,,,
1.44,0.94,2.079158636648381,,,,"{1.44,0.94,2.079158636648381},",,,,,,,,,,,
1.44,0.945,2.801166641562463,,,,"{1.44,0.945,2.801166641562463},",,,,,,,,,,,
1.46,0,-0.134819536,,,,"{1.46,0,-0.134819535802511},",,,,,,,,,,,
1.46,0.9,0.099661708,,,,"{1.46,0.9,0.0996617075651603},",,,,,,,,,,,
1.46,0.925,0.8000929108098184,,,,"{1.46,0.925,0.8000929108098184},",,,,,,,,,,,
1.46,0.94,2.0236652089230245,,,,"{1.46,0.94,2.0236652089230245},",,,,,,,,,,,
1.46,0.945,2.725133525744095,,,,"{1.46,0.945,2.725133525744095},",,,,,,,,,,,
1.48,0,-0.127624531,,,,"{1.48,0,-0.127624530597221},",,,,,,,,,,,
1.48,0.9,0.10031100700339264,,,,"{1.48,0.9,0.10031100700339264},",,,,,,,,,,,
1.48,0.925,0.7811914968931981,,,,"{1.48,0.925,0.7811914968931981},",,,,,,,,,,,
1.48,0.94,1.970619335412475,,,,"{1.48,0.94,1.970619335412475},",,,,,,,,,,,
1.48,0.945,2.652517651251381,,,,"{1.48,0.945,2.652517651251381},",,,,,,,,,,,
1.5,0,-0.120901856,,,,"{1.5,0,-0.120901855612759},",,,,,,,,,,,
1.5,0.9,0.10051647711168019,,,,"{1.5,0.9,0.10051647711168019},",,,,,,,,,,,
1.5,0.925,0.7619251636510986,,,,"{1.5,0.925,0.7619251636510986},",,,,,,,,,,,
1.5,0.94,1.9173241000321561,,,,"{1.5,0.94,1.9173241000321561},",,,,,,,,,,,
1.5,0.945,2.5797059461416887,,,,"{1.5,0.945,2.5797059461416887},",,,,,,,,,,,
1.5199999999999998,0,-0.114614933,,,,"{1.5199999999999998,0,-0.114614933244244},",,,,,,,,,,,
1.5199999999999998,0.9,0.10080364563733783,,,,"{1.5199999999999998,0.9,0.10080364563733783},",,,,,,,,,,,
1.5199999999999998,0.925,0.7442831227720932,,,,"{1.5199999999999998,0.925,0.7442831227720932},",,,,,,,,,,,
1.5199999999999998,0.94,1.868336606694907,,,,"{1.5199999999999998,0.94,1.868336606694907},",,,,,,,,,,,
1.5199999999999998,0.945,2.512733850616266,,,,"{1.5199999999999998,0.945,2.512733850616266},",,,,,,,,,,,
1.54,0,-0.108730444,,,,"{1.54,0,-0.108730443532472},",,,,,,,,,,,
1.54,0.9,0.1013521927053757,,,,"{1.54,0.9,0.1013521927053757},",,,,,,,,,,,
1.54,0.925,0.728886851,,,,"{1.54,0.925,0.728886850698172},",,,,,,,,,,,
1.54,0.94,1.8250668732435473,,,,"{1.54,0.94,1.8250668732435473},",,,,,,,,,,,
1.54,0.945,2.4534732449350387,,,,"{1.54,0.945,2.4534732449350387},",,,,,,,,,,,
