gap_um,Peq_mPa,PPW_mPa,PEW_mPa,Ptotal_mPa,,,,,Preparing the data for copy and past into the Mathematica notebook,,,,,,,,,,,This is the formula add the sign = in front
0.7,-2.574172168,2.1650694512242095,-0.009172086,-0.418274803,,,,,"{0.7,-2.57417216821329,2.1650694512242095,-0.00917208624026328,-0.418274803229344},",,,,,,,,,,,"""{""&A2&"",""&B2&"",""&C2&"",""&D2&"",""&E2&""},"""
0.72,-2.300121228,2.071087285895231,-0.008478044,-0.237511986,,,,,"{0.72,-2.3001212283889,2.071087285895231,-0.00847804373361649,-0.23751198622729},",,,,,,,,,,,
0.74,-2.061541582,2.0035158314659607,-0.007847213,-0.065872963,,,,,"{0.74,-2.06154158169111,2.0035158314659607,-0.00784721286181885,-0.0658729630869744},",,,,,,,,,,,
0.7599999999999999,-1.853065284,1.969316083,-0.007272977,0.10897782129995562,,,,,"{0.7599999999999999,-1.85306528407714,1.96931608287124,-0.00727297749414364,0.10897782129995562},",,,,,,,,,,,
0.7799999999999999,-1.670248638,1.9817617387221358,-0.006749484,0.30476361616923126,,,,,"{0.7799999999999999,-1.67024863832102,1.9817617387221358,-0.00674948423187501,0.30476361616923126},",,,,,,,,,,,
0.7999999999999999,-1.509394719,2.064252157791815,-0.00627155,0.5485858884607695,,,,,"{0.7999999999999999,-1.50939471896433,2.064252157791815,-0.00627155036671114,0.5485858884607695},",,,,,,,,,,,
0.82,-1.367413331,2.2515333125173216,-0.005834582,0.8782853990981281,,,,,"{0.82,-1.36741333095534,2.2515333125173216,-0.00583458246384367,0.8782853990981281},",,,,,,,,,,,
0.84,-1.241709832,2.5728259683535546,-0.005434505,1.325681632136277,,,,,"{0.84,-1.24170983151374,2.5728259683535546,-0.00543450470352956,1.325681632136277},",,,,,,,,,,,
0.86,-1.130096354,2.9882559675315403,-0.005067696,1.853091917029127,,,,,"{0.86,-1.13009635447888,2.9882559675315403,-0.0050676960235264,1.853091917029127},",,,,,,,,,,,
0.8799999999999999,-1.030720532,3.336585251376485,-0.004730935,2.3011337841931017,,,,,"{0.8799999999999999,-1.03072053208199,3.336585251376485,-0.00473093510138818,2.3011337841931017},",,,,,,,,,,,
0.8999999999999999,-0.942007965,3.4975819702337487,-0.004421352,2.551152653029137,,,,,"{0.8999999999999999,-0.942007964943245,3.4975819702337487,-0.00442135226136585,2.551152653029137},",,,,,,,,,,,
0.9199999999999999,-0.862615556,3.5094770818990866,-0.004136387,2.642725138336605,,,,,"{0.9199999999999999,-0.862615556101016,3.5094770818990866,-0.00413638746146548,2.642725138336605},",,,,,,,,,,,
0.94,-0.791393477,3.4419805293488612,-0.003873754,2.646713299072688,,,,,"{0.94,-0.791393476678718,3.4419805293488612,-0.00387375359745447,2.646713299072688},",,,,,,,,,,,
0.96,-0.727354025,3.337060131554743,-0.003631404,2.6060747019497876,,,,,"{0.96,-0.727354025161355,3.337060131554743,-0.00363140444359944,2.6060747019497876},",,,,,,,,,,,
0.98,-0.66964602,3.216139406336272,-0.003407507,2.543085880142877,,,,,"{0.98,-0.669646019563654,3.216139406336272,-0.00340750662974082,2.543085880142877},",,,,,,,,,,,
1,-0.617533651,3.0902632383160173,-0.003200415,2.469529172,,,,,"{1,-0.617533651466082,3.0902632383160173,-0.00320041512836455,2.46952917172157},",,,,,,,,,,,
1.02,-0.570378955,2.9653906156844614,-0.003008652,2.392003009298753,,,,,"{1.02,-0.570378954593246,2.9653906156844614,-0.00300865179246179,2.392003009298753},",,,,,,,,,,,
1.04,-0.527627214,2.844893293295228,-0.002830887,2.3144351924571174,,,,,"{1.04,-0.527627214293238,2.844893293295228,-0.00283088654487235,2.3144351924571174},",,,,,,,,,,,
1.06,-0.48879478,2.730765194709546,-0.002665921,2.239304493999438,,,,,"{1.06,-0.488794779837424,2.730765194709546,-0.00266592087268325,2.239304493999438},",,,,,,,,,,,
1.08,-0.453458848,2.6244007578070727,-0.002512673,2.1684292366813396,,,,,"{1.08,-0.453458847799168,2.6244007578070727,-0.00251267332656449,2.1684292366813396},",,,,,,,,,,,
1.1,-0.421248869,2.5270823008697825,-0.002370167,2.1034632655145336,,,,,"{1.1,-0.421248868589986,2.5270823008697825,-0.00237016676526222,2.1034632655145336},",,,,,,,,,,,
1.1199999999999999,-0.391839295,2.440035891122895,-0.002237517,2.0459590793936733,,,,,"{1.1199999999999999,-0.391839294608754,2.440035891122895,-0.00223751712046667,2.0459590793936733},",,,,,,,,,,,
1.1400000000000001,-0.364943441,2.3651484584141254,-0.002113923,1.998091093668001,,,,,"{1.1400000000000001,-0.364943441258571,2.3651484584141254,-0.00211392348755267,1.998091093668001},",,,,,,,,,,,
1.16,-0.340308274,2.305587958863361,-0.001998659,1.9632810252243282,,,,,"{1.16,-0.340308274265191,2.305587958863361,-0.00199865937384154,1.9632810252243282},",,,,,,,,,,,
1.1800000000000002,-0.317709971,2.2658380099588427,-0.001891065,1.9462369744341965,,,,,"{1.1800000000000002,-0.317709970566055,2.2658380099588427,-0.00189106495859065,1.9462369744341965},",,,,,,,,,,,
1.2,-0.296950127,2.254106732,-0.00179054,1.955366064056135,,,,,"{1.2,-0.296950127289102,2.2541067315836,-0.00179054023836234,1.955366064056135},",,,,,,,,,,,
1.22,-0.277852515,2.282056589686626,-0.001696539,2.0025075353667696,,,,,"{1.22,-0.277852515371674,2.282056589686626,-0.00169653894818213,2.0025075353667696},",,,,,,,,,,,
1.24,-0.260260292,2.3662710527546524,-0.001608563,2.1044021973434357,,,,,"{1.24,-0.260260292247876,2.3662710527546524,-0.00160856316334001,2.1044021973434357},",,,,,,,,,,,
1.26,-0.244033603,2.5232713736381274,-0.001526158,2.2777116125464576,,,,,"{1.26,-0.244033602592528,2.5232713736381274,-0.00152615849914148,2.2777116125464576},",,,,,,,,,,,
1.28,-0.229047508,2.7522952190435306,-0.00144891,2.5217988011984667,,,,,"{1.28,-0.229047508008406,2.7522952190435306,-0.00144890983665733,2.5217988011984667},",,,,,,,,,,,
1.2999999999999998,-0.215190196,3.0020857459762436,-0.001376438,2.7855191121645557,,,,,"{1.2999999999999998,-0.215190196299893,3.0020857459762436,-0.00137643751179462,2.7855191121645557},",,,,,,,,,,,
1.32,-0.202361429,3.1770449840604513,-0.001308394,2.9733751611455115,,,,,"{1.32,-0.202361429001917,3.1770449840604513,-0.00130839391302264,2.9733751611455115},",,,,,,,,,,,
1.3399999999999999,-0.190471192,3.241581298352037,-0.00124446,3.0498656454560695,,,,,"{1.3399999999999999,-0.190471192455951,3.241581298352037,-0.00124446044001617,3.0498656454560695},",,,,,,,,,,,
1.36,-0.179438523,3.2305162877788476,-0.001184345,3.0498934197906835,,,,,"{1.36,-0.179438523206688,3.2305162877788476,-0.00118434478147536,3.0498934197906835},",,,,,,,,,,,
1.38,-0.169190483,3.179133096,-0.001127778,3.0088148343573455,,,,,"{1.38,-0.169190483043704,3.17913309587663,-0.00112777847557915,3.0088148343573455},",,,,,,,,,,,
1.4,-0.159661263,3.108738270778002,-0.001074515,2.948002493255981,,,,,"{1.4,-0.159661262800983,3.108738270778002,-0.00107451472103757,2.948002493255981},",,,,,,,,,,,
1.42,-0.150791397,3.0280972671480018,-0.001024326,2.876281543547487,,,,,"{1.42,-0.150791397189889,3.0280972671480018,-0.00102432641062485,2.876281543547487},",,,,,,,,,,,
1.44,-0.142527076,2.9452917661235163,-0.000977004,2.8017876861724136,,,,,"{1.44,-0.142527075588621,2.9452917661235163,-0.000977004362480922,2.8017876861724136},",,,,,,,,,,,
1.46,-0.134819536,2.8613284621516173,-0.000932356,2.7255765704912327,,,,,"{1.46,-0.13481953593295,2.8613284621516173,-0.00093235572743398,2.7255765704912327},",,,,,,,,,,,
1.48,-0.127624531,2.779829427431188,-0.000890203,2.651314694155562,,,,,"{1.48,-0.127624530722444,2.779829427431188,-0.000890202553182105,2.651314694155562},",,,,,,,,,,,
1.5,-0.120901856,2.702376953024598,-0.00085038,2.5806247168031304,,,,,"{1.5,-0.120901855733039,2.702376953024598,-0.00085038048842792,2.5806247168031304},",,,,,,,,,,,
1.5199999999999998,-0.114614933,2.628338367261551,-0.000812738,2.5129106962896794,,,,,"{1.5199999999999998,-0.114614933359838,2.628338367261551,-0.000812737612032391,2.5129106962896794},",,,,,,,,,,,
1.54,-0.108730444,2.562112159376919,-0.000777133,2.4526045823593186,,,,,"{1.54,-0.108730443643621,2.562112159376919,-0.00077713337397921,2.4526045823593186},",,,,,,,,,,,
