E_eV,quadrature_weight_eV,dPPW_dE_mPaPerEV,dPEW_dE_mPaPerEV,dPNE_dE_mPaPerEV,,,,,Preparing the data for copy and past into the Mathematica notebook,,,,,,,,,,,This is the formula add the sign = in front
1.424009606534469,2.46533E-05,122.45046836313165,-0.048011586,122.40245677728802,,,,,"{1.424009606534469,2.46533381061297E-05,122.45046836313165,-0.0480115858436111,122.40245677728802},",,,,,,,,,,,"""{""&A2&"",""&B2&"",""&C2&"",""&D2&"",""&E2&""},"""
1.4240506151046741,5.73857E-05,122.26090718540843,-0.047932074,122.21297511167361,,,,,"{1.4240506151046741,5.73856633972192E-05,122.26090718540843,-0.0479320737348059,122.21297511167361},",,,,,,,,,,,
1.424124387965334,9.01602E-05,121.9206358116491,-0.04778937,121.87284644137776,,,,,"{1.424124387965334,9.01601896224241E-05,121.9206358116491,-0.047789370271341,121.87284644137776},",,,,,,,,,,,
1.424230933441018,0.000122929,121.43088215131846,-0.047584033,121.38329811849748,,,,,"{1.424230933441018,0.000122929072021172,121.43088215131846,-0.0475840328209787,121.38329811849748},",,,,,,,,,,,
1.4243702418940716,0.000155685,120.79350877507514,-0.047316904,120.74619187093884,,,,,"{1.4243702418940716,0.000155685364037891,120.79350877507514,-0.0473169041362928,120.74619187093884},",,,,,,,,,,,
1.424542298577967,0.000188425,120.01094115319145,-0.046989082,119.96395207077826,,,,,"{1.424542298577967,0.000188424893391399,120.01094115319145,-0.0469890824131861,119.96395207077826},",,,,,,,,,,,
1.4247470848472363,0.000221144,119.08614615317998,-0.046601912,119.03954424099383,,,,,"{1.4247470848472363,0.000221143924771668,119.08614615317998,-0.046601912186154,119.03954424099383},",,,,,,,,,,,
1.424984578,0.000253839,118.02261158859942,-0.046156975,117.97645461332375,,,,,"{1.4249845783847,0.000253838828724185,118.02261158859942,-0.0461569752756647,117.97645461332375},",,,,,,,,,,,
1.4252547532637527,0.000286506,116.82432320577661,-0.04565608,116.7786671256052,,,,,"{1.4252547532637527,0.000286506010330576,116.82432320577661,-0.0456560801714298,116.7786671256052},",,,,,,,,,,,
1.4255575799710989,0.000319142,115.49573873932178,-0.04510125,115.45063748967235,,,,,"{1.4255575799710989,0.000319141889413748,115.49573873932178,-0.0451012496494471,115.45063748967235},",,,,,,,,,,,
1.4258930254177196,0.000351743,114.0417591555619,-0.044494707,113.99726444888371,,,,,"{1.4258930254177196,0.000351742894111294,114.0417591555619,-0.0444947066782176,113.99726444888371},",,,,,,,,,,,
1.4262610529458697,0.000384305,112.46769732704418,-0.043838859,112.42385846827868,,,,,"{1.4262610529458697,0.000384305458628499,112.46769732704418,-0.043838858765495,112.42385846827868},",,,,,,,,,,,
1.426661622334703,0.000416826,110.77924443083404,-0.043136281,110.73610814988503,,,,,"{1.426661622334703,0.000416826022497566,110.77924443083404,-0.0431362809490156,110.73610814988503},",,,,,,,,,,,
1.427094689805497,0.000449301,108.98243439010899,-0.042389698,108.94004469244467,,,,,"{1.427094689805497,0.000449301030440321,108.98243439010899,-0.0423896976643112,108.94004469244467},",,,,,,,,,,,
1.4275602080268919,0.000481727,107.08360669430185,-0.041601964,107.04200473056505,,,,,"{1.4275602080268919,0.000481726932493265,107.08360669430185,-0.0416019637367753,107.04200473056505},",,,,,,,,,,,
1.4280581261203218,0.0005141,105.08936794170388,-0.040776045,105.04859189695586,,,,,"{1.4280581261203218,0.000514100184256919,105.08936794170388,-0.0407760447480283,105.04859189695586},",,,,,,,,,,,
1.4285883896657312,0.000546417,103.00655245132539,-0.039914997,102.96663745430382,,,,,"{1.4285883896657312,0.00054641724720552,103.00655245132539,-0.0399149970215702,102.96663745430382},",,,,,,,,,,,
1.4291509407076182,0.000578675,100.84218228901709,-0.039021947,100.80316034155472,,,,,"{1.4291509407076182,0.000578674589030537,100.84218228901709,-0.0390219474623631,100.80316034155472},",,,,,,,,,,,
1.429745718,0.000610869,98.60342704687494,-0.038100073,98.56532697,,,,,"{1.42974571776143,0.000610868684000015,98.60342704687494,-0.0381000734711573,98.5653269734038},",,,,,,,,,,,
1.4303726558203227,0.000642996,96.29756370536852,-0.037152583,96.26041112223017,,,,,"{1.4303726558203227,0.0006429960133264,96.29756370536852,-0.0371525831383488,96.26041112223017},",,,,,,,,,,,
1.4310316863622932,0.000675053,93.93193689,-0.036182696,93.89575419894958,,,,,"{1.4310316863622932,0.000675053065541938,93.9319368948543,-0.0361826959047412,93.89575419894958},",,,,,,,,,,,
1.4317227373576888,0.000707036,91.51391985754883,-0.035193624,91.47872623369052,,,,,"{1.4317227373576888,0.000707036336874752,91.51391985754883,-0.0351936238583064,91.47872623369052},",,,,,,,,,,,
1.4324457332770897,0.000738942,89.05087639310959,-0.034188554,89.01668783929229,,,,,"{1.4324457332770897,0.000738942331629095,89.05087639310959,-0.0341885538172924,89.01668783929229},",,,,,,,,,,,
1.4332005950995756,0.000770768,86.55012405084254,-0.03317063,86.51695342051156,,,,,"{1.4332005950995756,0.000770767562562196,86.55012405084254,-0.0331706303309854,86.51695342051156},",,,,,,,,,,,
1.4339872403213683,0.000802509,84.01889880990369,-0.03214294,83.98675587019324,,,,,"{1.4339872403213683,0.000802508551263699,84.01889880990369,-0.0321429397104527,83.98675587019324},",,,,,,,,,,,
1.4348055829648534,0.000834162,81.46432146566076,-0.031108495,81.43321297047802,,,,,"{1.4348055829648534,0.000834161828535501,81.46432146566076,-0.0311084951827306,81.43321297047802},",,,,,,,,,,,
1.4356555335879826,0.000865724,78.89336591621057,-0.030070223,78.86329569,,,,,"{1.4356555335879826,0.000865723934769347,78.89336591621057,-0.0300702232434693,78.8632956929671},",,,,,,,,,,,
1.4365369992940507,0.000897191,76.31282951806655,-0.029030951,76.28379856680142,,,,,"{1.4365369992940507,0.000897191420323507,76.31282951806655,-0.0290309512651381,76.28379856680142},",,,,,,,,,,,
1.4374498837418515,0.000928561,73.72930565451804,-0.027993396,73.70131225811734,,,,,"{1.4374498837418515,0.00092856084590035,73.72930565451804,-0.0279933964006971,73.70131225811734},",,,,,,,,,,,
1.438394087156209,0.000959829,71.14915863445378,-0.026960156,71.12219847864745,,,,,"{1.438394087156209,0.000959828782920558,71.14915863445378,-0.0269601558063371,71.12219847864745},",,,,,,,,,,,
1.4393695063388847,0.000990992,68.57850101370445,-0.025933698,68.55256731551287,,,,,"{1.4393695063388847,0.000990991813899152,68.57850101370445,-0.0259336981915816,68.55256731551287},",,,,,,,,,,,
1.440376034679856,0.001022047,66.02317340553077,-0.024916357,65.99825704883989,,,,,"{1.440376034679856,0.00102204653281767,66.02317340553077,-0.0249163566908708,65.99825704883989},",,,,,,,,,,,
1.4414135621689708,0.00105299,63.48872682197675,-0.023910323,63.46481649893899,,,,,"{1.4414135621689708,0.00105298954549562,63.48872682197675,-0.0239103230377716,63.46481649893899},",,,,,,,,,,,
1.4424819754079705,0.001083817,60.98040756377467,-0.022917643,60.95748992,,,,,"{1.4424819754079705,0.00108381746996301,60.98040756377467,-0.0229176430112661,60.9574899207634},",,,,,,,,,,,
1.443581157622886,0.001114527,58.503144653543465,-0.021940213,58.48120444043028,,,,,"{1.443581157622886,0.0011145269368294,58.503144653543465,-0.0219402131131797,58.48120444043028},",,,,,,,,,,,
1.444710989,0.001145115,56.06153978553395,-0.020979778,56.04056000710721,,,,,"{1.4447109886768,0.00114511458965095,56.06153978553395,-0.0209797784267498,56.04056000710721},",,,,,,,,,,,
1.4458713450829777,0.001175577,53.65985974527596,-0.020037932,53.63982181367737,,,,,"{1.4458713450829777,0.00117557708529809,53.65985974527596,-0.0200379315985846,53.63982181367737},",,,,,,,,,,,
1.447062100018365,0.001205911,51.30203123441528,-0.019116113,51.282915121535474,,,,,"{1.447062100018365,0.0012059110943207,51.30203123441528,-0.0191161128798034,51.282915121535474},",,,,,,,,,,,
1.4482831233374491,0.001236113,48.99163801975951,-0.018215611,48.97342240860257,,,,,"{1.4482831233374491,0.00123611330131253,48.99163801975951,-0.0182156111569378,48.97342240860257},",,,,,,,,,,,
1.4495342815864825,0.00126618,46.73192031102785,-0.017337566,46.71458274512871,,,,,"{1.4495342815864825,0.00126618040527302,46.73192031102785,-0.0173375658991446,46.71458274512871},",,,,,,,,,,,
1.4508154380180711,0.001296109,44.52577625880058,-0.01648297,44.509293288855204,,,,,"{1.4508154380180711,0.00129610911996672,44.52577625880058,-0.0164829699453746,44.509293288855204},",,,,,,,,,,,
1.452126452606119,0.001325896,42.37576545248115,-0.015652673,42.360112779427865,,,,,"{1.452126452606119,0.00132589617428558,42.37576545248115,-0.0156526730532867,42.360112779427865},",,,,,,,,,,,
1.4534671820611331,0.001355538,40.28411428743873,-0.014847386,40.26926690130795,,,,,"{1.4534671820611331,0.00135553831260373,40.28411428743873,-0.0148473861307868,40.26926690130795},",,,,,,,,,,,
1.4548374798458843,0.001385032,38.25272306094228,-0.014067686,38.23865537487122,,,,,"{1.4548374798458843,0.00138503229513418,38.25272306094228,-0.0140676860710547,38.23865537487122},",,,,,,,,,,,
1.456237196191424,0.001414375,36.283174648138825,-0.013314021,36.269860627026134,,,,,"{1.456237196191424,0.0014143748982831,36.283174648138825,-0.0133140211126854,36.269860627026134},",,,,,,,,,,,
1.457666178113453,0.001443563,34.37674460264784,-0.012586717,34.36415789,,,,,"{1.457666178113453,0.00144356291500224,34.37674460264784,-0.0125867166480414,34.3641578859998},",,,,,,,,,,,
1.4591242694290425,0.001472593,32.534412521932154,-0.011885981,32.52252654052716,,,,,"{1.4591242694290425,0.00147259315513856,32.534412521932154,-0.0118859814049949,32.52252654052716},",,,,,,,,,,,
1.4606113107737042,0.001501462,30.75687451605333,-0.011211914,30.745662602123467,,,,,"{1.4606113107737042,0.00150146244578404,30.75687451605333,-0.0112119139298626,30.745662602123467},",,,,,,,,,,,
1.4621271396188085,0.001530168,29.04455662001107,-0.010564509,29.03399211070866,,,,,"{1.4621271396188085,0.00153016763162151,29.04455662001107,-0.0105645093024081,29.03399211070866},",,,,,,,,,,,
1.463671590289348,0.001558706,27.397628994395955,-0.009943666,27.387685328378716,,,,,"{1.463671590289348,0.00155870557527038,27.397628994395955,-0.00994366601724042,27.387685328378716},",,,,,,,,,,,
1.4652444939820453,0.001587073,25.816020765711688,-0.009349193,25.806671572741983,,,,,"{1.4652444939820453,0.00158707315762905,25.816020765711688,-0.00934919296970113,25.806671572741983},",,,,,,,,,,,
1.4668456787838045,0.001615267,24.299435365124893,-0.008780816,24.290654548636557,,,,,"{1.4668456787838045,0.00161526727821544,24.299435365124893,-0.00878081648833658,24.290654548636557},",,,,,,,,,,,
1.4684749696904968,0.001643285,22.84736623115176,-0.008238187,22.839128043791522,,,,,"{1.4684749696904968,0.00164328485550653,22.84736623115176,-0.00823818736023941,22.839128043791522},",,,,,,,,,,,
1.470132188626092,0.001671123,21.45911274680721,-0.007720888,21.451391859007362,,,,,"{1.470132188626092,0.00167112282727532,21.45911274680721,-0.00772088779984795,21.451391859007362},",,,,,,,,,,,
1.4718171544621192,0.001698778,20.13379628499721,-0.007228438,20.126567846681024,,,,,"{1.4718171544621192,0.00169877815092446,20.13379628499721,-0.0072284383161844,20.126567846681024},",,,,,,,,,,,
1.4735296830374642,0.001726248,18.870376238343276,-0.006760304,18.86361593390536,,,,,"{1.4735296830374642,0.00172624780381962,18.870376238343276,-0.00676030443791388,18.86361593390536},",,,,,,,,,,,
1.4752695871784978,0.001753529,17.667665913202118,-0.006315903,17.66135000994212,,,,,"{1.4752695871784978,0.00175352878361979,17.667665913202118,-0.00631590326000345,17.66135000994212},",,,,,,,,,,,
1.4770366767195329,0.001780618,16.524348174440203,-0.00589461,16.518453564660103,,,,,"{1.4770366767195329,0.00178061810860542,16.524348174440203,-0.00589460978009656,16.518453564660103},",,,,,,,,,,,
1.4788307585236096,0.001807513,15.438990738859895,-0.005495763,15.433494975862928,,,,,"{1.4788307585236096,0.0018075128180041,15.438990738859895,-0.00549576299696808,15.433494975862928},",,,,,,,,,,,
1.4806516365036044,0.00183421,14.410061030685947,-0.005118672,14.40494235893839,,,,,"{1.4806516365036044,0.00183420997231346,14.410061030685947,-0.00511867174755545,14.40494235893839},",,,,,,,,,,,
1.4824991116436603,0.001860707,13.435940529977204,-0.00476262,13.431177909714156,,,,,"{1.4824991116436603,0.00186070665362508,13.435940529977204,-0.00476262026304763,13.431177909714156},",,,,,,,,,,,
1.4843729820209417,0.001887,12.514938560757365,-0.004426873,12.510511687329036,,,,,"{1.4843729820209417,0.0018869999659396,12.514938560757365,-0.00442687342832869,12.510511687329036},",,,,,,,,,,,
1.4862730428277002,0.001913087,11.64530547681865,-0.004110682,11.641194795085942,,,,,"{1.4862730428277002,0.00191308703548666,11.64530547681865,-0.00411068173270767,11.641194795085942},",,,,,,,,,,,
1.4881990863936625,0.001938965,10.825245208025624,-0.003813286,10.821431922122336,,,,,"{1.4881990863936625,0.00193896501103711,10.825245208025624,-0.0038132859032876,10.821431922122336},",,,,,,,,,,,
1.4901509022087258,0.001964631,10.052927129909694,-0.003533921,10.049393208694154,,,,,"{1.4901509022087258,0.00196463106421431,10.052927129909694,-0.00353392121554174,10.049393208694154},",,,,,,,,,,,
1.492128276945968,0.001990082,9.326497218208525,-0.003271821,9.323225397,,,,,"{1.492128276945968,0.00199008238980509,9.326497218208525,-0.003271821478645,9.32322539672988},",,,,,,,,,,,
1.4941309944849617,0.002015316,8.644088452565526,-0.003026223,8.641062229869666,,,,,"{1.4941309944849617,0.00201531620606469,8.644088452565526,-0.00302622269586,8.641062229869666},",,,,,,,,,,,
1.4961588359353961,0.00204033,8.003830443,-0.002796366,8.001034076681723,,,,,"{1.4961588359353961,0.002040329755022,8.00383044308451,-0.00279636640278527,8.001034076681723},",,,,,,,,,,,
1.4982115796610018,0.00206512,7.403858269609083,-0.002581503,7.401276767,,,,,"{1.4982115796610018,0.00206512030277936,7.403858269609083,-0.00258150268854324,7.40127676692054},",,,,,,,,,,,
1.500289001303773,0.002089685,6.842320542351106,-0.002380893,6.839939649444094,,,,,"{1.500289001303773,0.00208968513981362,6.842320542351106,-0.0023808929070121,6.839939649444094},",,,,,,,,,,,
1.5023908738084921,0.002114022,6.317386707631263,-0.002193812,6.315192896,,,,,"{1.5023908738084921,0.00211402158126988,6.317386707631263,-0.00219381208699284,6.31519289554427},",,,,,,,,,,,
1.5045169674475425,0.002138127,5.827253628910898,-0.002019551,5.825234077859141,,,,,"{1.5045169674475425,0.00213812696725702,5.827253628910898,-0.0020195510517573,5.825234077859141},",,,,,,,,,,,
1.50666705,0.002161999,5.37015147,-0.001857418,5.368294051666027,,,,,"{1.50666704984602,0.00216199866313678,5.37015146992577,-0.00185741825974437,5.368294051666027},",,,,,,,,,,,
1.5088408860071283,0.002185634,4.944348897614687,-0.001706741,4.9426421562354115,,,,,"{1.5088408860071283,0.0021856340598136,4.944348897614687,-0.00170674137927596,4.9426421562354115},",,,,,,,,,,,
1.5110382383378658,0.002209031,4.548157614899567,-0.001566869,4.546590746288513,,,,,"{1.5110382383378658,0.00220903057401695,4.548157614899567,-0.0015668686110533,4.546590746288513},",,,,,,,,,,,
1.5132588666749913,0.002232186,4.1799362338193395,-0.00143717,4.1784990640464565,,,,,"{1.5132588666749913,0.00223218564858707,4.1799362338193395,-0.0014371697728834,4.1784990640464565},",,,,,,,,,,,
1.5155025283112749,0.002255097,3.8380935100229716,-0.001317037,3.836776472861388,,,,,"{1.5155025283112749,0.00225509675275145,3.8380935100229716,-0.00131703716158385,3.836776472861388},",,,,,,,,,,,
1.5177689780220236,0.002277761,3.5210909760427063,-0.001205886,3.5198850898353706,,,,,"{1.5177689780220236,0.00227776138240317,3.5210909760427063,-0.00120588620733555,3.5198850898353706},",,,,,,,,,,,
1.5200579680918853,0.002300177,3.227445025,-0.001103156,3.226341869,,,,,"{1.5200579680918853,0.00230017706037431,3.22744502485592,-0.00110315593590996,3.22634186892001},",,,,,,,,,,,
1.522369248341921,0.002322341,2.9557284994903266,-0.001008309,2.954720190236123,,,,,"{1.522369248341921,0.00232234133670684,2.9557284994903266,-0.00100830925420404,2.954720190236123},",,,,,,,,,,,
1.5247025661569507,0.002344252,2.704571836726592,-0.000920833,2.703651003652206,,,,,"{1.5247025661569507,0.00234425178891905,2.704571836726592,-0.000920833074386245,2.703651003652206},",,,,,,,,,,,
1.5270576665131617,0.002365906,2.472663798213452,-0.000840238,2.4718235599217464,,,,,"{1.5270576665131617,0.00236590602227239,2.472663798213452,-0.000840238291705473,2.4718235599217464},",,,,,,,,,,,
1.5294342920059831,0.002387302,2.258751809675956,-0.00076606,2.2579857500453007,,,,,"{1.5294342920059831,0.00238730167003171,2.258751809675956,-0.000766059630654992,2.2579857500453007},",,,,,,,,,,,
1.5318321828782189,0.002408436,2.061641926189228,-0.000697855,2.060944070815498,,,,,"{1.5318321828782189,0.00240843639372401,2.061641926189228,-0.000697855373730124,2.060944070815498},",,,,,,,,,,,
1.5342510770484377,0.002429308,1.8801984502101012,-0.000635207,1.8795632432236162,,,,,"{1.5342510770484377,0.0024293078833953,1.8801984502101012,-0.000635206986485147,1.8795632432236162},",,,,,,,,,,,
1.5366907101396188,0.002449914,1.7133432432479225,-0.000577719,1.7127655245959277,,,,,"{1.5366907101396188,0.00244991385786179,1.7133432432479225,-0.000577718651994611,1.7127655245959277},",,,,,,,,,,,
1.5391508155080467,0.002470252,1.5600547819688717,-0.000525017,1.5595297652417015,,,,,"{1.5391508155080467,0.00247025206495934,1.5600547819688717,-0.000525016727170242,1.5595297652417015},",,,,,,,,,,,
1.5416311242724536,0.00249032,1.4193670079957799,-0.000476749,1.4188902588630916,,,,,"{1.5416311242724536,0.00249032028179008,1.4193670079957799,-0.000476749132688217,1.4188902588630916},",,,,,,,,,,,
1.5441313653434108,0.002510116,1.2903680079422883,-0.000432585,1.2899354232547338,,,,,"{1.5441313653434108,0.00251011631496574,1.2903680079422883,-0.00043258468755465,1.2899354232547338},",,,,,,,,,,,
1.546651265452953,0.002529638,1.1721985438799296,-0.000392212,1.1718063314813394,,,,,"{1.546651265452953,0.00252963800084517,1.1721985438799296,-0.000392212398590134,1.1718063314813394},",,,,,,,,,,,
1.5491905491844487,0.002548883,1.0640504442753305,-0.000355341,1.0636951035609747,,,,,"{1.5491905491844487,0.00254888320577455,1.0640504442753305,-0.000355340714355807,1.0636951035609747},",,,,,,,,,,,
1.5517489390027015,0.00256785,0.9651648668905229,-0.000321697,0.96484317,,,,,"{1.5517489390027015,0.00256784982631718,0.9651648668905229,-0.000321696752283941,0.964843170138239},",,,,,,,,,,,
1.554326155284284,0.002586536,0.8748304556812099,-0.000291026,0.87453943,,,,,"{1.554326155284284,0.00258653578948506,0.8748304556812099,-0.000291025507021785,0.874539430174188},",,,,,,,,,,,
1.5569219163480994,0.002604939,0.7923814246983255,-0.000263089,0.7921183356510695,,,,,"{1.5569219163480994,0.00260493905296516,0.7923814246983255,-0.00026308904725609,0.7921183356510695},",,,,,,,,,,,
1.5595359384861676,0.002623058,0.717195605,-0.000237666,0.7169579389213339,,,,,"{1.5595359384861676,0.00262305760534228,0.717195604628897,-0.000237665707563199,0.7169579389213339},",,,,,,,,,,,
1.5621679359946357,0.002640889,0.6486924791490327,-0.000214549,0.64847793,,,,,"{1.5621679359946357,0.00264088946631937,0.6486924791490327,-0.000214549281130688,0.648477929867902},",,,,,,,,,,,
1.5648176212050022,0.002658433,0.5863312238121583,-0.000193548,0.5861376755936322,,,,,"{1.5648176212050022,0.00265843268693435,0.5863312238121583,-0.000193548218526069,0.5861376755936322},",,,,,,,,,,,
1.567484704515559,0.002675685,0.5296087488923205,-0.000174485,0.5294342640552717,,,,,"{1.567484704515559,0.00267568534977137,0.5296087488923205,-0.000174484837048781,0.5294342640552717},",,,,,,,,,,,
1.5701688944230445,0.002692646,0.47805774596792255,-0.000157195,0.47790055142332555,,,,,"{1.5701688944230445,0.0026926455691725,0.47805774596792255,-0.000157194544597037,0.47790055142332555},",,,,,,,,,,,
1.5728698975545032,0.002709311,0.4312447454813955,-0.000141525,0.43110322039998294,,,,,"{1.5728698975545032,0.0027093114914429,0.4312447454813955,-0.000141525081412611,0.43110322039998294},",,,,,,,,,,,
1.5755874186993504,0.002725681,0.3887682021513579,-0.000127336,0.38864086636882206,,,,,"{1.5755874186993504,0.00272568129505258,0.3887682021513579,-0.000127335782535793,0.38864086636882206},",,,,,,,,,,,
1.5783211608416383,0.002741753,0.3502566289469665,-0.000114497,0.350142132,,,,,"{1.5783211608416383,0.0027417531908375,0.3502566289469665,-0.000114496863310465,0.350142132083656},",,,,,,,,,,,
1.581070825192518,0.002757525,0.31536679500465253,-0.000102889,0.3152639062748269,,,,,"{1.581070825192518,0.00275752542219268,0.31536679500465253,-0.000102888729825619,0.3152639062748269},",,,,,,,,,,,
1.5838361112228971,0.002772996,0.2837819918741901,-9.24013E-05,0.2836895905584256,,,,,"{1.5838361112228971,0.00277299626526679,0.2837819918741901,-9.24013157645013E-05,0.2836895905584256},",,,,,,,,,,,
1.586616716696286,0.002788164,0.2552103632989202,-8.29334E-05,0.2551274298521648,,,,,"{1.586616716696286,0.00278816402914804,0.2552103632989202,-8.29334467554153E-05,0.2551274298521648},",,,,,,,,,,,
1.5894123377018305,0.002803027,0.22938329207625363,-7.43922E-05,0.2293088998432758,,,,,"{1.5894123377018305,0.00280302705605109,0.22938329207625363,-7.43922329778757E-05,0.2293088998432758},",,,,,,,,,,,
1.5922226686875303,0.002817584,0.20605384324874507,-6.66925E-05,0.20598715075827184,,,,,"{1.5922226686875303,0.00281758372149665,0.20605384324874507,-6.66924904732458E-05,0.20598715075827184},",,,,,,,,,,,
1.5950474024936325,0.002831832,0.18499527049393066,-5.97562E-05,0.18493551430259209,,,,,"{1.5950474024936325,0.00283183243449028,0.18499527049393066,-5.97561913385692E-05,0.18493551430259209},",,,,,,,,,,,
1.5978862303862054,0.002845772,0.16599959582235088,-5.35119E-05,0.1659460838796065,,,,,"{1.5978862303862054,0.00284577163769511,0.16599959582235088,-5.35119427444062E-05,0.1659460838796065},",,,,,,,,,,,
1.6007388420908797,0.0028594,0.14887626906136955,-4.78945E-05,0.1488283745668593,,,,,"{1.6007388420908797,0.00285939980760337,0.14887626906136955,-4.78944945102658E-05,0.1488283745668593},",,,,,,,,,,,
1.6036049258267624,0.002872715,0.1334509058822416,-4.28443E-05,0.13340806160744884,,,,,"{1.6036049258267624,0.00287271545470142,0.1334509058822416,-4.28442747927515E-05,0.13340806160744884},",,,,,,,,,,,
1.6064841683405124,0.002885717,0.11956409694032649,-3.8307E-05,0.11952578998703664,,,,,"{1.6064841683405124,0.00288571712363388,0.11956409694032649,-0.000038306953289844,0.11952578998703664},",,,,,,,,,,,
1.6093762549405788,0.002898403,0.10707028011151623,-3.4233E-05,0.10703604708027846,,,,,"{1.6093762549405788,0.0028984033933617,0.10707028011151623,-3.42330312377646E-05,0.10703604708027846},",,,,,,,,,,,
1.612280869531594,0.002910773,0.095836672,-3.05775E-05,0.095806095,,,,,"{1.612280869531594,0.0029107728773184,0.0958366723805809,-3.05774573726093E-05,0.0958060949232083},",,,,,,,,,,,
1.6151976946489244,0.002922824,0.085742263,-2.72993E-05,0.085714964,,,,,"{1.6151976946489244,0.0029228242235608,0.0857422634495356,-0.000027299268945379,0.0857149641805902},",,,,,,,,,,,
1.6181264114933658,0.002934556,0.076676875,-2.43613E-05,0.076652514,,,,,"{1.6181264114933658,0.00293455611491695,0.0766768751793055,-2.43612568142361E-05,0.0766525139224913},",,,,,,,,,,,
1.6210666999659882,0.002945967,0.068540288,-2.17297E-05,0.068518559,,,,,"{1.6210666999659882,0.0029459672691309,0.0685402882741815,-2.17296535898386E-05,0.0685185586205916},",,,,,,,,,,,
1.6240182387031221,0.002957056,0.061241433,-1.93738E-05,0.061222059,,,,,"{1.6240182387031221,0.00295705643900159,0.0612414325558803,-1.93738437766823E-05,0.0612220587121036},",,,,,,,,,,,
1.6269807051114815,0.002967822,0.054697634,-1.72661E-05,0.054680368,,,,,"{1.6269807051114815,0.00296782241251971,0.0546976336304861,-1.72660948337381E-05,0.0546803675356524},",,,,,,,,,,,
1.629953775403422,0.002978264,0.048833909102523665,-1.53813E-05,0.048818528,,,,,"{1.629953775403422,0.00297826401300081,0.048833909102523665,-1.53813080696949E-05,0.0488185277944539},",,,,,,,,,,,
1.632937124632331,0.00298838,0.043582311,-1.36968E-05,0.043568614,,,,,"{1.632937124632331,0.00298838009921263,0.0435823109829994,-1.36967882902661E-05,0.0435686141947091},",,,,,,,,,,,
1.6359304267281423,0.00299817,0.038881315,-1.2192E-05,0.038869123,,,,,"{1.6359304267281423,0.00299816956550069,0.0388813145462359,-1.21920311258832E-05,0.0388691225151101},",,,,,,,,,,,
1.638933354532975,0.003007631,0.034675254878837505,-1.08485E-05,0.034664406,,,,,"{1.638933354532975,0.00300763134190984,0.034675254878837505,-1.08485269863241E-05,0.0346644063518511},",,,,,,,,,,,
1.6419455798368896,0.003016764,0.03091381,-9.65E-06,0.030904160779205127,,,,,"{1.6419455798368896,0.00301676439429936,0.0309138103598183,-9.64958061326001E-06,0.030904160779205127},",,,,,,,,,,,
1.6449667734137623,0.003025568,0.027551529,-8.58E-06,0.027542949092528933,,,,,"{1.6449667734137623,0.00302556772445695,0.0275515292377601,-8.58014523118638E-06,0.027542949092528933},",,,,,,,,,,,
1.6479966050572665,0.00303404,0.024547394,-7.63E-06,0.024539767,,,,,"{1.6479966050572665,0.00303404037020843,0.0245473937612291,-7.62667033079343E-06,0.0245397670908983},",,,,,,,,,,,
1.6510347436169641,0.003042181,0.021864417,-6.78E-06,0.021857640117915907,,,,,"{1.6510347436169641,0.00304218140552209,0.0218644170800714,-6.77696215558743E-06,0.021857640117915907},",,,,,,,,,,,
1.6540808570344985,0.00304999,0.019469270543249505,-6.02E-06,0.01946325,,,,,"{1.6540808570344985,0.0030499899406099,0.019469270543249505,-6.02005600173166E-06,0.0194632504872477},",,,,,,,,,,,
1.657134612379888,0.003057465,0.017331941138945622,-5.35E-06,0.017326595039463714,,,,,"{1.657134612379888,0.00305746512202515,0.017331941138945622,-5.34609948190768E-06,0.017326595039463714},",,,,,,,,,,,
1.6601956758879146,0.003064606,0.015425419172395434,-4.75E-06,0.015420672926449538,,,,,"{1.6601956758879146,0.00306460613275574,0.015425419172395434,-4.74624594589537E-06,0.015420672926449538},",,,,,,,,,,,
1.6632637129946017,0.003071412,0.013725414916356262,-4.21E-06,0.013721202359063274,,,,,"{1.6632637129946017,0.00307141219231285,0.013725414916356262,-4.21255729298681E-06,0.013721202359063274},",,,,,,,,,,,
1.666338388373782,0.003077883,0.012210101247606044,-3.74E-06,0.012206363332152219,,,,,"{1.666338388373782,0.00307788255681719,0.012210101247606044,-3.73791545382392E-06,0.012206363332152219},",,,,,,,,,,,
1.669419365973747,0.003084017,0.010859878595523443,-3.32E-06,0.010856562653662059,,,,,"{1.669419365973747,0.00308401651907995,0.010859878595523443,-3.31594186138656E-06,0.010856562653662059},",,,,,,,,,,,
1.6725063090539778,0.003089813,0.009657159,-2.94E-06,0.009654218,,,,,"{1.6725063090539778,0.00308981340867908,0.00965715927415576,-2.94092427232056E-06,0.00965421834988344},",,,,,,,,,,,
1.675598880221947,0.003095273,0.00858617,-2.61E-06,0.008583562,,,,,"{1.675598880221947,0.00309527259203419,0.00858616975868112,-2.60775034030989E-06,0.00858356200834081},",,,,,,,,,,,
1.6786967414699971,0.003100393,0.007632771,-2.31E-06,0.007630459,,,,,"{1.6786967414699971,0.00310039347247473,0.00763277059628349,-2.31184738253812E-06,0.00763045874890095},",,,,,,,,,,,
1.681799554212282,0.003105175,0.006784294,-2.05E-06,0.006782245,,,,,"{1.681799554212282,0.003105175490306,0.00678429371686822,-2.04912781827366E-06,0.00678224458904995},",,,,,,,,,,,
1.6849069793217744,0.003109618,0.006029396,-1.82E-06,0.00602758,,,,,"{1.6849069793217744,0.00310961812286904,0.00602939609564103,-1.81593979511098E-06,0.00602758015584592},",,,,,,,,,,,
1.688018677,0.003113721,0.005357928,-1.61E-06,0.005356319,,,,,"{1.68801867716733,0.00311372088459943,0.00535792782053318,-1.60902255330726E-06,0.00535631879797987},",,,,,,,,,,,
1.6911343076508096,0.003117483,0.004760812,-1.43E-06,0.004759387,,,,,"{1.6911343076508096,0.00311748332707867,0.00476081237541629,-1.4254661118977E-06,0.00475938690930439},",,,,,,,,,,,
1.6942535302442492,0.003120905,0.004229937,-1.26E-06,0.004228675,,,,,"{1.6942535302442492,0.00312090503908488,0.00422993748695864,-1.26267489181281E-06,0.00422867481206683},",,,,,,,,,,,
1.6973760040270798,0.003123986,0.003758056,-1.12E-06,0.003756937,,,,,"{1.6973760040270798,0.00312398564663568,0.00375805573086027,-1.11833492103605E-06,0.00375693739593924},",,,,,,,,,,,
1.7005013877233877,0.003126725,0.003338695,-9.90E-07,0.003337704,,,,,"{1.7005013877233877,0.00312672481303161,0.00333869465953924,-9.90384294933474E-07,0.00333770427524431},",,,,,,,,,,,
1.703629339739216,0.003129122,0.002966076,-8.77E-07,0.002965199,,,,,"{1.703629339739216,0.00312912223889103,0.00296607621107545,-8.76986591273866E-07,0.00296519922448417},",,,,,,,,,,,
1.7067595181998987,0.003131178,0.002635045,-7.77E-07,0.002634268,,,,,"{1.7067595181998987,0.00313117766218284,0.00263504473209093,-7.76506964172741E-07,0.00263426822512676},",,,,,,,,,,,
1.7098915809874269,0.003132891,0.002341003,-6.87E-07,0.002340315,,,,,"{1.7098915809874269,0.00313289085825664,0.00234100250544164,-6.87490664277215E-07,0.00234031501477736},",,,,,,,,,,,
1.7130251857778414,0.003134262,0.002079852,-6.09E-07,0.002079243,,,,,"{1.7130251857778414,0.00313426163986551,0.0020798515784545,-6.08643754015825E-07,0.00207924293470049},",,,,,,,,,,,
1.7161599900786466,0.00313529,0.001847941,-5.39E-07,0.001847402,,,,,"{1.7161599900786466,0.00313528985718778,0.00184794099389984,-5.38815806725854E-07,0.00184740217809311},",,,,,,,,,,,
1.7192956512662452,0.003135975,0.001642019,-4.77E-07,0.001641542,,,,,"{1.7192956512662452,0.0031359753978428,0.00164201898215589,-4.76984397006249E-07,0.00164154199775888},",,,,,,,,,,,
1.7224318266233847,0.003136318,0.00145919,-4.22E-07,0.001458768,,,,,"{1.7224318266233847,0.00313631818690296,0.00145918996487822,-4.22241206795807E-07,0.00145876772367142},",,,,,,,,,,,
1.7255681733766153,0.003136318,0.001296876,-3.74E-07,0.001296502,,,,,"{1.7255681733766153,0.00313631818690305,0.00129687621617508,-3.73779587515199E-07,0.00129650243658757},",,,,,,,,,,,
1.7287043487337548,0.003135975,0.001152784,-3.31E-07,0.001152453,,,,,"{1.7287043487337548,0.00313597539784284,0.00115278382196901,-3.30883433211347E-07,0.0011524529385358},",,,,,,,,,,,
1.7318400099213533,0.00313529,0.001024872,-2.93E-07,0.001024579,,,,,"{1.7318400099213533,0.00313528985718787,0.0010248723343953,-2.92917488073843E-07,0.00102457941690723},",,,,,,,,,,,
1.7349748142221586,0.003134262,0.000911328,-2.59E-07,0.000911068,,,,,"{1.7349748142221586,0.00313426163986566,0.00091132753814107,-2.5931882621336E-07,0.000911068219314857},",,,,,,,,,,,
1.7381084190125728,0.003132891,0.000810537,-2.30E-07,0.000810308,,,,,"{1.7381084190125728,0.00313289085825673,0.000810537152329461,-2.2958709909451E-07,0.000810307565230367},",,,,,,,,,,,
1.7412404818001013,0.003131178,0.000721068,-2.03E-07,0.000720865,,,,,"{1.7412404818001013,0.00313117766218302,0.000721068465721072,-2.03278617126081E-07,0.000720865187103946},",,,,,,,,,,,
1.7443706602607838,0.003129122,0.000641648,-1.80E-07,0.000641468,,,,,"{1.7443706602607838,0.00312912223889097,0.00064164843193868,-1.80000157492665E-07,0.000641468431781187},",,,,,,,,,,,
1.747498612276612,0.003126725,0.000571146,-1.59E-07,0.000570987,,,,,"{1.747498612276612,0.00312672481303175,0.000571146003215274,-1.59403320096824E-07,0.000570986599895177},",,,,,,,,,,,
1.7506239959729202,0.003123986,0.000508557,-1.41E-07,0.000508415,,,,,"{1.7506239959729202,0.00312398564663582,0.000508556517152893,-1.41179504118701E-07,0.000508415337648774},",,,,,,,,,,,
1.7537464697557505,0.003120905,0.000452988,-1.25E-07,0.000452863,,,,,"{1.7537464697557505,0.00312090503908476,0.00045298787011562,-1.25055443089642E-07,0.000452862814672531},",,,,,,,,,,,
1.7568656923491905,0.003117483,0.000403648,-1.11E-07,0.000403537,,,,,"{1.7568656923491905,0.00311748332707871,0.000403648174439933,-1.10789247343962E-07,0.000403537385192589},",,,,,,,,,,,
1.759981323,0.003113721,0.000359835,-9.82E-08,0.000359736,,,,,"{1.75998132283267,0.00311372088459945,0.000359834637325149,-9.81669220717404E-08,0.000359736470403077},",,,,,,,,,,,
1.7630930206782256,0.003109618,0.000320923,-8.70E-08,0.000320836,,,,,"{1.7630930206782256,0.00310961812286908,0.000320923461393226,-8.69993854692441E-08,0.000320836462007757},",,,,,,,,,,,
1.7662004457877178,0.003105175,0.00028636,-7.71E-08,0.000286283,,,,,"{1.7662004457877178,0.00310517549030604,0.00028636046409669,-7.71202954381598E-08,0.000286283343801252},",,,,,,,,,,,
1.7693032585300028,0.003100393,0.00025565,-6.84E-08,0.000255581,,,,,"{1.7693032585300028,0.00310039347247482,0.000255649519374967,-6.83888979189362E-08,0.000255581130477048},",,,,,,,,,,,
1.7724011197780527,0.003095273,0.000228373,-6.07E-08,0.000228313,,,,,"{1.7724011197780527,0.00309527259203437,0.000228373294362584,-6.07011972336313E-08,0.00022831259316535},",,,,,,,,,,,
1.7754936909460222,0.003089813,0.00020415,-5.38E-08,0.000204096,,,,,"{1.7754936909460222,0.00308981340867906,0.000204150225872989,-5.38463988575293E-08,0.000204096379474131},",,,,,,,,,,,
1.7785806340262527,0.003084017,0.000182621,-4.78E-08,0.000182573,,,,,"{1.7785806340262527,0.00308401651907994,0.000182620768551246,-4.77708310485324E-08,0.000182572997720198},",,,,,,,,,,,
1.781661611626218,0.003077883,0.000163481,-4.24E-08,0.000163439,,,,,"{1.781661611626218,0.00307788255681727,0.000163480977871712,-4.23884328377691E-08,0.000163438589438874},",,,,,,,,,,,
1.7847362870053984,0.003071412,0.000146461,-3.76E-08,0.000146424,,,,,"{1.7847362870053984,0.0030714121923129,0.000146461288128904,-3.76205492146104E-08,0.00014642366757969},",,,,,,,,,,,
1.7878043241120853,0.003064606,0.000131323,-3.34E-08,0.000131289,,,,,"{1.7878043241120853,0.00306460613275572,0.000131322571045491,-3.33969068608572E-08,0.00013128917413863},",,,,,,,,,,,
1.7908653876201117,0.003057465,0.000117853,-2.97E-08,0.000117823,,,,,"{1.7908653876201117,0.00305746512202519,0.000117852607341985,-2.96550695147642E-08,0.000117822952272471},",,,,,,,,,,,
1.7939191429655015,0.00304999,0.000105863,-2.63E-08,0.000105837,,,,,"{1.7939191429655015,0.00304998994060988,0.000105862972512942,-2.63396824725579E-08,0.00010583663283047},",,,,,,,,,,,
1.7969652563830358,0.003042181,9.51863E-05,-2.34E-08,9.51629E-05,,,,,"{1.7969652563830358,0.00304218140552201,9.51863050848364E-05,-2.34017199212694E-08,9.51629033649151E-05},",,,,,,,,,,,
1.8000033949427332,0.00303404,8.56739E-05,-2.08E-08,8.56531E-05,,,,,"{1.8000033949427332,0.00303404037020845,8.56739065146572E-05,-2.07977860073177E-08,8.56531087286499E-05},",,,,,,,,,,,
1.8030332265862374,0.003025568,7.71936E-05,-1.85E-08,7.71751E-05,,,,,"{1.8030332265862374,0.00302556772445701,7.71936166504047E-05,-1.84894813951002E-08,7.71751271690096E-05},",,,,,,,,,,,
1.8060544201631101,0.003016764,6.96279E-05,-1.64E-08,6.96115E-05,,,,,"{1.8060544201631101,0.00301676439429931,6.96279205074358E-05,-1.64428352191283E-08,6.96114776722167E-05},",,,,,,,,,,,
1.809066645467025,0.003007631,6.28723E-05,-1.46E-08,6.28576E-05,,,,,"{1.809066645467025,0.00300763134190986,6.28722630722954E-05,-1.46277983885969E-08,6.28576352739068E-05},",,,,,,,,,,,
1.8120695732718577,0.00299817,5.68336E-05,-1.30E-08,5.68205E-05,,,,,"{1.8120695732718577,0.00299816956550087,5.68335665478501E-05,-1.30177929709147E-08,5.68205487548792E-05},",,,,,,,,,,,
1.815062875367669,0.00298838,5.1429E-05,-1.16E-08,5.14174E-05,,,,,"{1.815062875367669,0.0029883800992126,5.14289512605812E-05,-1.15893121822016E-08,0.000051417361948399},",,,,,,,,,,,
1.818046224596578,0.002978264,4.65847E-05,-1.03E-08,4.65743E-05,,,,,"{1.818046224596578,0.00297826401300061,4.65846572717473E-05,-1.03215657282624E-08,0.000046574335706019},",,,,,,,,,,,
1.8210192948885184,0.002967822,4.22352E-05,-9.20E-09,4.2226E-05,,,,,"{1.8210192948885184,0.00296782241251967,4.22351526588174E-05,-9.19616561694383E-09,4.22259564932005E-05},",,,,,,,,,,,
1.8239817612968776,0.002957056,3.83224E-05,-8.20E-09,3.83142E-05,,,,,"{1.8239817612968776,0.00295705643900156,3.83224009681903E-05,-8.19684799237492E-09,0.000038314204120198},",,,,,,,,,,,
1.8269333000340118,0.002945967,3.47952E-05,-7.31E-09,3.47879E-05,,,,,"{1.8269333000340118,0.00294596726913096,3.47952483860032E-05,-7.30922697377652E-09,3.47879391590294E-05},",,,,,,,,,,,
1.8298735885066342,0.002934556,3.16089E-05,-6.52E-09,3.16024E-05,,,,,"{1.8298735885066342,0.00293455611491698,3.16088842129545E-05,-6.52057689378657E-09,3.16023636360607E-05},",,,,,,,,,,,
1.8328023053510756,0.002922824,2.87243E-05,-5.82E-09,2.87185E-05,,,,,"{1.8328023053510756,0.00292282422356078,2.87243287826739E-05,-5.81963971393838E-09,0.00002871850914296},",,,,,,,,,,,
1.8357191304684057,0.002910773,2.61079E-05,-5.20E-09,2.61027E-05,,,,,"{1.8357191304684057,0.00291077287731841,2.61079116995099E-05,-5.19645474471491E-09,2.61027152447652E-05},",,,,,,,,,,,
1.8386237450594212,0.002898403,2.37307E-05,-4.64E-09,2.37261E-05,,,,,"{1.8386237450594212,0.00289840339336172,2.37307187760553E-05,-4.64220811429078E-09,0.000023726076567941},",,,,,,,,,,,
1.8415158316594873,0.002885717,2.1568E-05,-4.15E-09,2.15639E-05,,,,,"{1.8415158316594873,0.00288571712363378,2.15680051335889E-05,-4.14909971506114E-09,2.15638560338738E-05},",,,,,,,,,,,
1.8443950741732376,0.002872715,1.95986E-05,-3.71E-09,1.95949E-05,,,,,"{1.8443950741732376,0.00287271545470137,1.95985900853846E-05,-3.71022561243422E-09,1.95948798597722E-05},",,,,,,,,,,,
1.8472611579091203,0.0028594,1.78043E-05,-3.32E-09,1.78009E-05,,,,,"{1.8472611579091203,0.00285939980760327,1.78042618717499E-05,-3.31947412854957E-09,1.78009423976213E-05},",,,,,,,,,,,
1.8501137696137946,0.002845772,1.61692E-05,-2.97E-09,1.61663E-05,,,,,"{1.8501137696137946,0.0028457716376951,0.00001616922387908,-2.97143401702019E-09,0.000016166252445063},",,,,,,,,,,,
1.8529525975063672,0.002831832,1.46796E-05,-2.66E-09,1.46769E-05,,,,,"{1.8529525975063672,0.00283183243449027,1.46796087301233E-05,-2.66131332587907E-09,1.46769474167974E-05},",,,,,,,,,,,
1.8557773313124697,0.002817584,1.33231E-05,-2.38E-09,1.33207E-05,,,,,"{1.8557773313124697,0.00281758372149678,1.33230758108882E-05,-2.38486770688093E-09,1.33206909431813E-05},",,,,,,,,,,,
1.8585876622981694,0.002803027,1.20885E-05,-2.14E-09,1.20864E-05,,,,,"{1.8585876622981694,0.00280302705605105,0.000012088495838084,-2.13833707226128E-09,1.20863575010117E-05},",,,,,,,,,,,
1.861383283303714,0.002788164,1.09657E-05,-1.92E-09,1.09638E-05,,,,,"{1.861383283303714,0.00278816402914807,1.09657163558581E-05,-1.9183896268899E-09,1.09637979662312E-05},",,,,,,,,,,,
1.8641638887771026,0.002772996,9.945395929304776e-6,-1.72E-09,9.943673856888559e-6,,,,,"{1.8641638887771026,0.00277299626526669,9.945395929304776e-6,-1.72207241621788E-09,9.943673856888559e-6},",,,,,,,,,,,
1.8669291748074819,0.002757525,9.018892060372095e-6,-1.55E-09,9.017345292742024e-6,,,,,"{1.8669291748074819,0.00275752542219265,9.018892060372095e-6,-1.54676763006994E-09,9.017345292742024e-6},",,,,,,,,,,,
1.8696788391583616,0.002741753,8.178187700057618e-6,-1.39E-09,8.176797546067026e-6,,,,,"{1.8696788391583616,0.00274175319083734,8.178187700057618e-6,-1.39015399059308E-09,8.176797546067026e-6},",,,,,,,,,,,
1.8724125813006496,0.002725681,7.415842894300689e-6,-1.25E-09,7.4145927216698865e-6,,,,,"{1.8724125813006496,0.00272568129505261,7.415842894300689e-6,-1.25017263080266E-09,7.4145927216698865e-6},",,,,,,,,,,,
1.8751301024454967,0.002709311,6.724960879729843e-6,-1.12E-09,6.723835882790536e-6,,,,,"{1.8751301024454967,0.00270931149144275,6.724960879729843e-6,-1.12499693930608E-09,6.723835882790536e-6},",,,,,,,,,,,
1.8778311055769554,0.002692646,6.099161131613806e-6,-1.01E-09,6.098148125705865e-6,,,,,"{1.8778311055769554,0.00269264556917257,6.099161131613806e-6,-1.01300590794074E-09,6.098148125705865e-6},",,,,,,,,,,,
1.8805152954844409,0.002675685,5.532554811624616e-6,-9.13E-10,5.531642051051471e-6,,,,,"{1.8805152954844409,0.00267568534977141,5.532554811624616e-6,-9.12760573145686E-10,5.531642051051471e-6},",,,,,,,,,,,
1.8831823787949977,0.002658433,5.019720345684659e-6,-8.23E-10,5.018897362494964e-6,,,,,"{1.8831823787949977,0.00265843268693427,5.019720345684659e-6,-8.22983189695732E-10,5.018897362494964e-6},",,,,,,,,,,,
1.885832064005364,0.002640889,4.555678363922188e-6,-7.43E-10,4.554935825104505e-6,,,,,"{1.885832064005364,0.00264088946631951,4.555678363922188e-6,-7.42538817683767E-10,4.554935825104505e-6},",,,,,,,,,,,
1.8884640615138322,0.002623058,4.135866060132688e-6,-6.70E-10,4.135195641091715e-6,,,,,"{1.8884640615138322,0.00262305760534237,4.135866060132688e-6,-6.70419040973808E-10,4.135195641091715e-6},",,,,,,,,,,,
1.8910780836519006,0.002604939,3.7561113628442206e-6,-6.06E-10,3.7555056352758868e-6,,,,,"{1.8910780836519006,0.00260493905296514,3.7561113628442206e-6,-6.05727568333592E-10,3.7555056352758868e-6},",,,,,,,,,,,
1.8936738447157158,0.002586536,3.4126073316645754e-6,-5.48E-10,3.4120596641669846e-6,,,,,"{1.8936738447157158,0.00258653578948515,3.4126073316645754e-6,-5.4766749759032E-10,3.4120596641669846e-6},",,,,,,,,,,,
1.8962510609972982,0.00256785,3.1018870543368825e-6,-4.96E-10,3.1013915242879995e-6,,,,,"{1.8962510609972982,0.00256784982631728,3.1018870543368825e-6,-4.95530048883468E-10,3.1013915242879995e-6},",,,,,,,,,,,
1.898809450815551,0.002548883,2.8207991558970597e-6,-4.49E-10,2.820350471301251e-6,,,,,"{1.898809450815551,0.00254888320577461,2.8207991558970597e-6,-4.4868459580827E-10,2.820350471301251e-6},",,,,,,,,,,,
1.901348734547047,0.002529638,2.5664839397706392e-6,-4.07E-10,2.5660773699273366e-6,,,,,"{1.901348734547047,0.00252963800084516,2.5664839397706392e-6,-4.06569843302584E-10,2.5660773699273366e-6},",,,,,,,,,,,
1.903868634656589,0.002510116,2.3363501951497207e-6,-3.69E-10,2.3359815091308826e-6,,,,,"{1.903868634656589,0.00251011631496544,2.3363501951497207e-6,-3.68686018837974E-10,2.3359815091308826e-6},",,,,,,,,,,,
1.906368875727546,0.00249032,2.128052789564487e-6,-3.35E-10,2.12771820160538e-6,,,,,"{1.906368875727546,0.00249032028179007,2.128052789564487e-6,-3.34587959106863E-10,2.12771820160538e-6},",,,,,,,,,,,
1.9088491844919535,0.002470252,1.93947124873706e-6,-3.04E-10,1.939167369748865e-6,,,,,"{1.9088491844919535,0.00247025206495924,1.93947124873706e-6,-3.03878988194715E-10,1.939167369748865e-6},",,,,,,,,,,,
1.9113092898603812,0.002449914,1.7686895506289308e-6,-2.76E-10,1.7684133451335279e-6,,,,,"{1.9113092898603812,0.00244991385786179,1.7686895506289308e-6,-2.7620549540289E-10,1.7684133451335279e-6},",,,,,,,,,,,
1.9137489229515623,0.002429308,1.6139773148222566e-6,-2.51E-10,1.613726062690622e-6,,,,,"{1.9137489229515623,0.00242930788339533,1.6139773148222566e-6,-2.51252131634891E-10,1.613726062690622e-6},",,,,,,,,,,,
1.916167817121781,0.002408436,1.473772479300828e-6,-2.29E-10,1.4735437417480852e-6,,,,,"{1.916167817121781,0.00240843639372408,1.473772479300828e-6,-2.2873755274292E-10,1.4735437417480852e-6},",,,,,,,,,,,
1.9185657079940166,0.002387302,1.3466654638371023e-6,-2.08E-10,1.3464570531905006e-6,,,,,"{1.9185657079940166,0.00238730167003149,1.3466654638371023e-6,-2.0841064660171E-10,1.3464570531905006e-6},",,,,,,,,,,,
1.9209423334868383,0.002365906,1.2313847494561453e-6,-1.90E-10,1.2311947022680821e-6,,,,,"{1.9209423334868383,0.00236590602227229,1.2313847494561453e-6,-1.90047188063119E-10,1.2311947022680821e-6},",,,,,,,,,,,
1.9232974338430493,0.002344252,1.1267837637532298e-6,-1.73E-10,1.126610316880766e-6,,,,,"{1.9232974338430493,0.00234425178891901,1.1267837637532298e-6,-1.73446872463653E-10,1.126610316880766e-6},",,,,,,,,,,,
1.9256307516580788,0.002322341,1.0318289466850173e-6,-1.58E-10,1.0316705160009074e-6,,,,,"{1.9256307516580788,0.00232234133670677,1.0318289466850173e-6,-1.58430684109935E-10,1.0316705160009074e-6},",,,,,,,,,,,
1.9279420319081146,0.002300177,9.455888733921377e-7,-1.45E-10,9.454440348308932e-7,,,,,"{1.9279420319081146,0.00230017706037443,9.455888733921377e-7,-1.44838561244454E-10,9.454440348308932e-7},",,,,,,,,,,,
1.9302310219779761,0.002277761,8.672243246889113e-7,-1.33E-10,8.670917973654364e-7,,,,,"{1.9302310219779761,0.0022777613824032,8.672243246889113e-7,-1.32527323474942E-10,8.670917973654364e-7},",,,,,,,,,,,
1.9324974716887249,0.002255097,7.95979217931883e-7,-1.21E-10,7.958578491002769e-7,,,,,"{1.9324974716887249,0.00225509675275127,7.95979217931883e-7,-1.21368831606032E-10,7.958578491002769e-7},",,,,,,,,,,,
1.9347411333250086,0.002232186,7.311723351605151e-7,-1.11E-10,7.310610868072122e-7,,,,,"{1.9347411333250086,0.00223218564858697,7.311723351605151e-7,-1.11248353303052E-10,7.310610868072122e-7},",,,,,,,,,,,
1.9369617616621342,0.002209031,6.721898045435519e-7,-1.02E-10,6.72087741432452e-7,,,,,"{1.9369617616621342,0.00220903057401702,6.721898045435519e-7,-1.02063111099821E-10,6.72087741432452e-7},",,,,,,,,,,,
1.9391591139928717,0.002185634,6.184782999801075e-7,-9.37E-11,6.183845789881243e-7,,,,,"{1.9391591139928717,0.00218563405981354,6.184782999801075e-7,-9.37209919831843E-11,6.183845789881243e-7},",,,,,,,,,,,
1.94133295,0.002161999,5.69538921535492e-7,-8.61E-11,5.694527821353025e-7,,,,,"{1.94133295015398,0.00216199866313688,5.69538921535492e-7,-8.61394001894187E-11,5.694527821353025e-7},",,,,,,,,,,,
1.9434830325524572,0.002138127,5.249217102636758e-7,-7.92E-11,5.248424660267068e-7,,,,,"{1.9434830325524572,0.00213812696725698,5.249217102636758e-7,-7.9244236969002E-11,5.248424660267068e-7},",,,,,,,,,,,
1.9456091261915078,0.002114022,4.842207410447886e-7,-7.30E-11,4.84147772051839e-7,,,,,"{1.9456091261915078,0.00211402158126986,4.842207410447886e-7,-7.29689929496781E-11,4.84147772051839e-7},",,,,,,,,,,,
1.9477109986962269,0.002089685,4.4706973138444467e-7,-6.73E-11,4.470024774440622e-7,,,,,"{1.9477109986962269,0.00208968513981352,4.4706973138444467e-7,-6.72539403824895E-11,4.470024774440622e-7},",,,,,,,,,,,
1.9497884203389984,0.00206512,4.131381046396037e-7,-6.20E-11,4.130760592255865e-7,,,,,"{1.9497884203389984,0.00206512030277945,4.131381046396037e-7,-6.20454140171665E-11,4.130760592255865e-7},",,,,,,,,,,,
1.9518411640646038,0.00204033,3.8212745181180846e-7,-5.73E-11,3.820701566411637e-7,,,,,"{1.9518411640646038,0.00204032975502201,3.8212745181180846e-7,-5.7295170644729E-11,3.820701566411637e-7},",,,,,,,,,,,
1.9538690055150383,0.002015316,3.5376834431408866e-7,-5.30E-11,3.537153844956023e-7,,,,,"{1.9538690055150383,0.00201531620606486,3.5376834431408866e-7,-5.29598184863289E-11,3.537153844956023e-7},",,,,,,,,,,,
1.955871723054032,0.001990082,3.278174585032326e-7,-4.90E-11,3.2776845819461667e-7,,,,,"{1.955871723054032,0.00199008238980511,3.278174585032326e-7,-4.90003086159207E-11,3.2776845819461667e-7},",,,,,,,,,,,
1.957849097791274,0.001964631,3.040549798202112e-7,-4.54E-11,3.0400959833871535e-7,,,,,"{1.957849097791274,0.00196463106421431,3.040549798202112e-7,-4.5381481495877E-11,3.0400959833871535e-7},",,,,,,,,,,,
1.9598009136063375,0.001938965,2.8228225971596e-7,-4.21E-11,2.822401880534672e-7,,,,,"{1.9598009136063375,0.00193896501103702,2.8228225971596e-7,-4.20716624928551E-11,2.822401880534672e-7},",,,,,,,,,,,
1.9617269571722997,0.001913087,2.623197024097759e-7,-3.90E-11,2.622806601088377e-7,,,,,"{1.9617269571722997,0.00191308703548677,2.623197024097759e-7,-3.90423009382253E-11,2.622806601088377e-7},",,,,,,,,,,,
1.9636270179790583,0.001887,2.440048613360834e-7,-3.63E-11,2.4396859368816965e-7,,,,,"{1.9636270179790583,0.00188699996593975,2.440048613360834e-7,-3.62676479138216E-11,2.4396859368816965e-7},",,,,,,,,,,,
1.9655008883563394,0.001860707,2.271907271725623e-7,-3.37E-11,2.2715700270407317e-7,,,,,"{1.9655008883563394,0.00186070665362502,2.271907271725623e-7,-3.37244684891349E-11,2.2715700270407317e-7},",,,,,,,,,,,
1.9673483634963957,0.00183421,2.1174419076143018e-7,-3.14E-11,2.1171279897681157e-7,,,,,"{1.9673483634963957,0.0018342099723135,2.1174419076143018e-7,-3.1391784618619E-11,2.1171279897681157e-7},",,,,,,,,,,,
1.9691692414763904,0.001807513,1.9754466515233262e-7,-2.93E-11,1.9751541450699776e-7,,,,,"{1.9691692414763904,0.00180751281800378,1.9754466515233262e-7,-2.92506453348526E-11,1.9751541450699776e-7},",,,,,,,,,,,
1.970963323280467,0.001780618,1.8448285157907748e-7,-2.73E-11,1.8445556765782613e-7,,,,,"{1.970963323280467,0.00178061810860536,1.8448285157907748e-7,-2.72839212513708E-11,1.8445556765782613e-7},",,,,,,,,,,,
1.9727304128215022,0.001753529,1.7245963466527836e-7,-2.55E-11,1.724341585445546e-7,,,,,"{1.9727304128215022,0.00175352878361982,1.7245963466527836e-7,-2.54761207237506E-11,1.724341585445546e-7},",,,,,,,,,,,
1.9744703169625357,0.001726248,1.6138509276834883e-7,-2.38E-11,1.613612795430348e-7,,,,,"{1.9744703169625357,0.0017262478038196,1.6138509276834883e-7,-2.3813225314028E-11,1.613612795430348e-7},",,,,,,,,,,,
1.9761828455378807,0.001698778,1.511776102707903e-7,-2.23E-11,1.511553277283241e-7,,,,,"{1.9761828455378807,0.0016987781509244,1.511776102707903e-7,-2.22825424661966E-11,1.511553277283241e-7},",,,,,,,,,,,
1.9778678113739079,0.001671123,1.4176307984098404e-7,-2.09E-11,1.4174220726745074e-7,,,,,"{1.9778678113739079,0.00167112282727537,1.4176307984098404e-7,-2.08725735333047E-11,1.4174220726745074e-7},",,,,,,,,,,,
1.979525030309503,0.001643285,1.33074184124802e-7,-1.96E-11,1.33054611229299e-7,,,,,"{1.979525030309503,0.00164328485550669,1.33074184124802e-7,-1.95728955029867E-11,1.33054611229299e-7},",,,,,,,,,,,
1.9811543212161955,0.001615267,1.25049747839751e-7,-1.84E-11,1.2503137378479983e-7,,,,,"{1.9811543212161955,0.00161526727821542,1.25049747839751e-7,-1.83740549511926E-11,1.2503137378479983e-7},",,,,,,,,,,,
1.9827555060179545,0.001587073,1.1763415266524368e-7,-1.73E-11,1.1761688519232757e-7,,,,,"{1.9827555060179545,0.00158707315762904,1.1763415266524368e-7,-1.72674729161234E-11,1.1761688519232757e-7},",,,,,,,,,,,
1.9843284097106522,0.001558706,1.1077680853865058e-7,-1.62E-11,1.107605631791223e-7,,,,,"{1.9843284097106522,0.0015587055752704,1.1077680853865058e-7,-1.62453595283022E-11,1.107605631791223e-7},",,,,,,,,,,,
1.9858728603811915,0.001530168,1.0443167592392421e-7,-1.53E-11,1.0441637528656376e-7,,,,,"{1.9858728603811915,0.00153016763162147,1.0443167592392421e-7,-1.53006373604393E-11,1.0441637528656376e-7},",,,,,,,,,,,
1.9873886892262957,0.001501462,9.855683432485685e-8,-1.44E-11,9.854240745228272e-8,,,,,"{1.9873886892262957,0.00150146244578387,9.855683432485685e-8,-1.44268725741257E-11,9.854240745228272e-8},",,,,,,,,,,,
1.9888757305709575,0.001472593,9.311409281658576e-8,-1.36E-11,9.310047460354469e-8,,,,,"{1.9888757305709575,0.00147259315513851,9.311409281658576e-8,-1.3618213041064E-11,9.310047460354469e-8},",,,,,,,,,,,
1.990333821886547,0.001443563,8.806863873151936e-8,-1.29E-11,8.805576939881339e-8,,,,,"{1.990333821886547,0.00144356291500221,8.806863873151936e-8,-1.28693327059683E-11,8.805576939881339e-8},",,,,,,,,,,,
1.9917628038085762,0.001414375,8.338872092062024e-8,-1.22E-11,8.337654553908252e-8,,,,,"{1.9917628038085762,0.00141437489828321,8.338872092062024e-8,-1.21753815377187E-11,8.337654553908252e-8},",,,,,,,,,,,
1.9931625201541159,0.001385032,7.904536426317127e-8,-1.15E-11,7.90338323226853e-8,,,,,"{1.9931625201541159,0.0013850322951343,7.904536426317127e-8,-1.1531940485977E-11,7.90338323226853e-8},",,,,,,,,,,,
1.994532817938867,0.001355538,7.5012112343699e-8,-1.09E-11,7.500117736277575e-8,,,,,"{1.994532817938867,0.00135553831260383,7.5012112343699e-8,-1.09349809232593E-11,7.500117736277575e-8},",,,,,,,,,,,
1.995873547393881,0.001325896,7.126479546309214e-8,-1.04E-11,7.125441463498382e-8,,,,,"{1.995873547393881,0.0013258961742857,7.126479546309214e-8,-1.03808281083059E-11,7.125441463498382e-8},",,,,,,,,,,,
1.9971845619819288,0.001296109,6.778132140066803e-8,-9.87E-12,6.777145527241175e-8,,,,,"{1.9971845619819288,0.00129610911996681,6.778132140066803e-8,-9.8661282562804E-12,6.777145527241175e-8},",,,,,,,,,,,
1.9984657184135175,0.00126618,6.454148658901281e-8,-9.39E-12,6.453209877016727e-8,,,,,"{1.9984657184135175,0.00126618040527282,6.454148658901281e-8,-9.38781884555017E-12,6.453209877016727e-8},",,,,,,,,,,,
1.999716876662551,0.001236113,6.152680559729721e-8,-8.94E-12,6.151786249546702e-8,,,,,"{1.999716876662551,0.00123611330131269,6.152680559729721e-8,-8.94310183017716E-12,6.151786249546702e-8},",,,,,,,,,,,
2.000937899981635,0.001205911,5.872035703689787e-8,-8.53E-12,5.871182761743555e-8,,,,,"{2.000937899981635,0.0012059110943208,5.872035703689787e-8,-8.52941946232162E-12,5.871182761743555e-8},",,,,,,,,,,,
2.0021286549170223,0.001175577,5.6106644203199955e-8,-8.14E-12,5.609849977073994e-8,,,,,"{2.0021286549170223,0.00117557708529798,5.6106644203199955e-8,-8.14443246000732E-12,5.609849977073994e-8},",,,,,,,,,,,
2.0032890113232003,0.001145115,5.367146894914247e-8,-7.79E-12,5.366368294885893e-8,,,,,"{2.0032890113232003,0.00114511458965095,5.367146894914247e-8,-7.78600028355304E-12,5.366368294885893e-8},",,,,,,,,,,,
2.004418842377114,0.001114527,5.140181745004685e-8,-7.45E-12,5.139436528673804e-8,,,,,"{2.004418842377114,0.00111452693682954,5.140181745004685e-8,-7.4521633088131E-12,5.139436528673804e-8},",,,,,,,,,,,
2.0055180245920297,0.001083817,4.928575666664098e-8,-7.14E-12,4.927861553993345e-8,,,,,"{2.0055180245920297,0.00108381746996322,4.928575666664098e-8,-7.14112670752456E-12,4.927861553993345e-8},",,,,,,,,,,,
2.0065864378310296,0.00105299,4.731234044510181e-8,-6.85E-12,4.730548919923698e-8,,,,,"{2.0065864378310296,0.00105298954549557,4.731234044510181e-8,-6.85124586483403E-12,4.730548919923698e-8},",,,,,,,,,,,
2.007623965320144,0.001022047,4.547152431033048e-8,-6.58E-12,4.5464943297148755e-8,,,,,"{2.007623965320144,0.0010220465328175,4.547152431033048e-8,-6.58101318172814E-12,4.5464943297148755e-8},",,,,,,,,,,,
2.0086304936611157,0.000990992,4.3754088112523117e-8,-6.33E-12,4.374775906639726e-8,,,,,"{2.0086304936611157,0.000990991813899225,4.3754088112523117e-8,-6.32904612585823E-12,4.374775906639726e-8},",,,,,,,,,,,
2.009605912843791,0.000959829,4.21515657784095e-8,-6.09E-12,4.214547170200116e-8,,,,,"{2.009605912843791,0.000959828782920605,4.21515657784095e-8,-6.0940764083415E-12,4.214547170200116e-8},",,,,,,,,,,,
2.0105501162581487,0.000928561,4.065618149829681e-8,-5.87E-12,4.0650306558120096e-8,,,,,"{2.0105501162581487,0.000928560845900235,4.065618149829681e-8,-5.87494017670832E-12,4.0650306558120096e-8},",,,,,,,,,,,
2.0114630007059495,0.000897191,3.926079174969036e-8,-5.67E-12,3.9255121180564924e-8,,,,,"{2.0114630007059495,0.000897191420323537,3.926079174969036e-8,-5.67056912543836E-12,3.9255121180564924e-8},",,,,,,,,,,,
2.0123444664120176,0.000865724,3.795883261881937e-8,-5.48E-12,3.795335263638377e-8,,,,,"{2.0123444664120176,0.000865723934769365,3.795883261881937e-8,-5.47998243559669E-12,3.795335263638377e-8},",,,,,,,,,,,
2.013194417035147,0.000834162,3.674427193446669e-8,-5.30E-12,3.6738969655002573e-8,,,,,"{2.013194417035147,0.00083416182853561,3.674427193446669e-8,-5.30227946411185E-12,3.6738969655002573e-8},",,,,,,,,,,,
2.0140127596786317,0.000802509,3.561156577510096e-8,-5.14E-12,3.5606429141989644e-8,,,,,"{2.0140127596786317,0.000802508551263753,3.561156577510096e-8,-5.13663311131378E-12,3.5606429141989644e-8},",,,,,,,,,,,
2.0147994049004243,0.000770768,3.4555618951711495e-8,-4.98E-12,3.45506366679089e-8,,,,,"{2.0147994049004243,0.000770767562562292,3.4555618951711495e-8,-4.98228380259475E-12,3.45506366679089e-8},",,,,,,,,,,,
2.0155542667229103,0.000738942,3.357174910580506e-8,-4.84E-12,3.356691057177851e-8,,,,,"{2.0155542667229103,0.000738942331629427,3.357174910580506e-8,-4.83853402655004E-12,3.356691057177851e-8},",,,,,,,,,,,
2.016277262642311,0.000707036,3.265565409549155e-8,-4.70E-12,3.2650949352113766e-8,,,,,"{2.016277262642311,0.00070703633687504,3.265565409549155e-8,-4.70474337778086E-12,3.2650949352113766e-8},",,,,,,,,,,,
2.016968313637707,0.000675053,3.180338237307144e-8,-4.58E-12,3.179880204901367e-8,,,,,"{2.016968313637707,0.00067505306554178,3.180338237307144e-8,-4.58032405777538E-12,3.179880204901367e-8},",,,,,,,,,,,
2.0176273441796777,0.000642996,3.101130608540196e-8,-4.46E-12,3.100684134860998e-8,,,,,"{2.0176273441796777,0.000642996013326242,3.101130608540196e-8,-4.46473679198422E-12,3.100684134860998e-8},",,,,,,,,,,,
2.018254282,0.000610869,3.0276096653873215e-8,-4.36E-12,3.027173916674779e-8,,,,,"{2.01825428223857,0.000610868683999898,3.0276096653873215e-8,-4.35748712543184E-12,3.027173916674779e-8},",,,,,,,,,,,
2.0188490592923816,0.000578675,2.959470261430909e-8,-4.26E-12,2.9590444492246075e-8,,,,,"{2.0188490592923816,0.000578674589030524,2.959470261430909e-8,-4.25812206301149E-12,2.9590444492246075e-8},",,,,,,,,,,,
2.0194116103342687,0.000546417,2.896432951862956e-8,-4.17E-12,2.8960163291605526e-8,,,,,"{2.0194116103342687,0.000546417247205333,2.896432951862956e-8,-4.16622702403687E-12,2.8960163291605526e-8},",,,,,,,,,,,
2.019941873879678,0.0005141,2.8382421719835215e-8,-4.08E-12,2.8378340296751498e-8,,,,,"{2.019941873879678,0.000514100184256702,2.8382421719835215e-8,-4.08142308371376E-12,2.8378340296751498e-8},",,,,,,,,,,,
2.020439791973108,0.000481727,2.7846645879904946e-8,-4.00E-12,2.784264251542796e-8,,,,,"{2.020439791973108,0.000481726932493233,2.7846645879904946e-8,-4.00336447698497E-12,2.784264251542796e-8},",,,,,,,,,,,
2.020905310194503,0.000449301,2.73548760566485e-8,-3.93E-12,2.7350944320305777e-8,,,,,"{2.020905310194503,0.000449301030440266,2.73548760566485e-8,-3.93173634272459E-12,2.7350944320305777e-8},",,,,,,,,,,,
2.021338377665297,0.000416826,2.6905180240531287e-8,-3.87E-12,2.690131398784275e-8,,,,,"{2.021338377665297,0.000416826022497471,2.6905180240531287e-8,-3.86625268853997E-12,2.690131398784275e-8},",,,,,,,,,,,
2.0217389470541303,0.000384305,2.6495808226122122e-8,-3.81E-12,2.6492001571563612e-8,,,,,"{2.0217389470541303,0.000384305458628403,2.6495808226122122e-8,-3.8066545585114E-12,2.6492001571563612e-8},",,,,,,,,,,,
2.0221069745822806,0.000351743,2.6125180715204397e-8,-3.75E-12,2.612142800681632e-8,,,,,"{2.0221069745822806,0.000351742894111382,2.6125180715204397e-8,-3.75270838807968E-12,2.612142800681632e-8},",,,,,,,,,,,
2.022442420028901,0.000319142,2.5791879559848542e-8,-3.70E-12,2.5788175355316542e-8,,,,,"{2.022442420028901,0.000319141889413913,2.5791879559848542e-8,-3.70420453200209E-12,2.5788175355316542e-8},",,,,,,,,,,,
2.0227452467362474,0.000286506,2.549463906396257e-8,-3.66E-12,2.549097810800972e-8,,,,,"{2.0227452467362474,0.000286506010330575,2.549463906396257e-8,-3.66095595285194E-12,2.549097810800972e-8},",,,,,,,,,,,
2.023015422,0.000253839,2.5232338271057656e-8,-3.62E-12,2.522871547399871e-8,,,,,"{2.0230154216153,0.000253838828724258,2.5232338271057656e-8,-3.62279705894472E-12,2.522871547399871e-8},",,,,,,,,,,,
2.0232529151527636,0.000221144,2.5003994174066394e-8,-3.59E-12,2.500040459138458e-8,,,,,"{2.0232529151527636,0.000221143924771758,2.5003994174066394e-8,-3.58958268181637E-12,2.500040459138458e-8},",,,,,,,,,,,
2.023457701422033,0.000188425,2.480875578953157e-8,-3.56E-12,2.4805194602347183e-8,,,,,"{2.023457701422033,0.000188424893391574,2.480875578953157e-8,-3.56118718438395E-12,2.4805194602347183e-8},",,,,,,,,,,,
2.0236297581059284,0.000155685,2.464589904100381e-8,-3.54E-12,2.464236153731246e-8,,,,,"{2.0236297581059284,0.000155685364037827,2.464589904100381e-8,-3.53750369134629E-12,2.464236153731246e-8},",,,,,,,,,,,
2.023769066558982,0.000122929,2.451482238477838e-8,-3.52E-12,2.451130394134664e-8,,,,,"{2.023769066558982,0.000122929072021072,2.451482238477838e-8,-3.51844343173832E-12,2.451130394134664e-8},",,,,,,,,,,,
2.023875612034666,9.01602E-05,2.44150430267652e-8,-3.50E-12,2.441153909159385e-8,,,,,"{2.023875612034666,9.01601896225303E-05,2.44150430267652e-8,-3.50393517134706E-12,2.441153909159385e-8},",,,,,,,,,,,
2.023949384895326,5.73857E-05,2.434619294143897e-8,-3.49E-12,2.4342699016818953e-8,,,,,"{2.023949384895326,5.73856633971946E-05,2.434619294143897e-8,-3.49392462001519E-12,2.4342699016818953e-8},",,,,,,,,,,,
2.0239903934655312,2.46533E-05,2.4308004754939892e-8,-3.49E-12,2.4304516382571132e-8,,,,,"{2.0239903934655312,2.46533381060996E-05,2.4308004754939892e-8,-3.48837236876032E-12,2.4304516382571132e-8},",,,,,,,,,,,
