offset_nm,PL_mPa,PR_mPa,min_mPa,,,,,Preparing the data for copy and past into the Mathematica notebook,,,,,,,,,This is the formula add the sign = in front
-120,2.0517763402804583,2.683743889532956,2.0517763402804583,,,,,"{-120,2.0517763402804583,2.683743889532956,2.0517763402804583},",,,,,,,,,"""{""&A2&"",""&B2&"",""&C2&"",""&D2&""},"""
-110,2.112818978373327,2.721111439798737,2.112818978373327,,,,,"{-110,2.112818978373327,2.721111439798737,2.112818978373327},",,,,,,,,,
-100,2.1921335445206624,2.758892321208463,2.1921335445206624,,,,,"{-100,2.1921335445206624,2.758892321208463,2.1921335445206624},",,,,,,,,,
-90,2.290756358921524,2.796852615060471,2.290756358921524,,,,,"{-90,2.290756358921524,2.796852615060471,2.290756358921524},",,,,,,,,,
-80,2.407650941,2.834708570130128,2.407650941,,,,,"{-80,2.40765094144414,2.834708570130128,2.40765094144414},",,,,,,,,,
-70,2.538275985873468,2.8721064225724584,2.538275985873468,,,,,"{-70,2.538275985873468,2.8721064225724584,2.538275985873468},",,,,,,,,,
-60,2.6734389567770074,2.908594844133915,2.6734389567770074,,,,,"{-60,2.6734389567770074,2.908594844133915,2.6734389567770074},",,,,,,,,,
-50,2.8000109944316507,2.9435863721056155,2.8000109944316507,,,,,"{-50,2.8000109944316507,2.9435863721056155,2.8000109944316507},",,,,,,,,,
-40,2.905006146312944,2.9763023571075067,2.905006146312944,,,,,"{-40,2.905006146312944,2.9763023571075067,2.905006146312944},",,,,,,,,,
-30,2.9810891900794334,3.005693341644069,2.9810891900794334,,,,,"{-30,2.9810891900794334,3.005693341644069,2.9810891900794334},",,,,,,,,,
-20,3.0283890300133094,3.0303234655958344,3.0283890300133094,,,,,"{-20,3.0283890300133094,3.0303234655958344,3.0283890300133094},",,,,,,,,,
-10,3.051630021,3.048204986551445,3.048204986551445,,,,,"{-10,3.05163002098684,3.048204986551445,3.048204986551445},",,,,,,,,,
0,3.056573755123807,3.056573755123807,3.056573755123807,,,,,"{0,3.056573755123807,3.056573755123807,3.056573755123807},",,,,,,,,,
9.999999999999984,3.048204986551445,3.051630021,3.048204986551445,,,,,"{9.999999999999984,3.048204986551445,3.05163002098684,3.048204986551445},",,,,,,,,,
19.999999999999993,3.0303234655958344,3.0283890300133094,3.0283890300133094,,,,,"{19.999999999999993,3.0303234655958344,3.0283890300133094,3.0283890300133094},",,,,,,,,,
29.99999999999998,3.005693341644069,2.9810891900794334,2.9810891900794334,,,,,"{29.99999999999998,3.005693341644069,2.9810891900794334,2.9810891900794334},",,,,,,,,,
39.999999999999986,2.9763023571075067,2.905006146312944,2.905006146312944,,,,,"{39.999999999999986,2.9763023571075067,2.905006146312944,2.905006146312944},",,,,,,,,,
50,2.9435863721056155,2.8000109944316507,2.8000109944316507,,,,,"{50,2.9435863721056155,2.8000109944316507,2.8000109944316507},",,,,,,,,,
59.99999999999998,2.908594844133915,2.6734389567770074,2.6734389567770074,,,,,"{59.99999999999998,2.908594844133915,2.6734389567770074,2.6734389567770074},",,,,,,,,,
69.99999999999999,2.8721064225724584,2.538275985873468,2.538275985873468,,,,,"{69.99999999999999,2.8721064225724584,2.538275985873468,2.538275985873468},",,,,,,,,,
79.99999999999997,2.834708570130128,2.407650941,2.407650941,,,,,"{79.99999999999997,2.834708570130128,2.40765094144414,2.40765094144414},",,,,,,,,,
89.99999999999999,2.796852615060471,2.290756358921524,2.290756358921524,,,,,"{89.99999999999999,2.796852615060471,2.290756358921524,2.290756358921524},",,,,,,,,,
100,2.7588923212084637,2.1921335445206624,2.1921335445206624,,,,,"{100,2.7588923212084637,2.1921335445206624,2.1921335445206624},",,,,,,,,,
109.99999999999999,2.721111439798737,2.112818978373327,2.112818978373327,,,,,"{109.99999999999999,2.721111439798737,2.112818978373327,2.112818978373327},",,,,,,,,,
120.00000000000001,2.683743889532956,2.0517763402804583,2.0517763402804583,,,,,"{120.00000000000001,2.683743889532956,2.0517763402804583,2.0517763402804583},",,,,,,,,,
